NAT_ID,AUTH_ID,NAME,FEATURE,CATEGORY,GROUP,LATITUDE,LONGITUDE,AUTHORITY,SUPPLY_DATE,geometry,status
ACT_ACT000015,ACT000015,Ataturk Memorial Garden,ARBORETUM,COMMUNITY FACILITY,CULTURE,-35.28178,149.1512,ACT,2025-12-09,POINT (149.1512 -35.28178),gazetted
ACT_ACT000219,ACT000219,Fetherston Gardens,ARBORETUM,COMMUNITY FACILITY,CULTURE,-35.33159,149.06014,ACT,2025-12-09,POINT (149.06014 -35.33159),gazetted
ACT_ACT000383,ACT000383,Lennox Gardens,ARBORETUM,COMMUNITY FACILITY,CULTURE,-35.29794,149.12196,ACT,2025-12-09,POINT (149.12196 -35.29794),gazetted
ACT_ACT000800,ACT000800,"National Gallery of Australia
Australia ",ART GALLERY,COMMUNITY FACILITY,CULTURE,-35.3007738,149.1373585,ACT,2025-12-09,POINT (149.137358 -35.300774),gazetted
ACT_ACT000803,ACT000803,National Portrait Gallery,ART GALLERY,COMMUNITY FACILITY,CULTURE,-35.29955234,149.1337661,ACT,2025-12-09,POINT (149.133766 -35.299552),gazetted
ACT_ACT000397,ACT000397,Lotus Bay,BAY,WATERBODY,HYDROLOGY,-35.29944,149.11947,ACT,2025-12-09,POINT (149.11947 -35.29944),gazetted
ACT_ACT000515,ACT000515,Nursery Bay,BAY,WATERBODY,HYDROLOGY,-35.29797,149.0882,ACT,2025-12-09,POINT (149.0882 -35.29797),gazetted
ACT_ACT000527,ACT000527,Orana Bay,BAY,WATERBODY,HYDROLOGY,-35.29867,149.0974,ACT,2025-12-09,POINT (149.0974 -35.29867),gazetted
ACT_ACT000742,ACT000742,Wreck Bay,BAY,WATERBODY,HYDROLOGY,-35.18333,150.63333,ACT,2025-12-09,POINT (150.63333 -35.18333),gazetted
ACT_ACT000751,ACT000751,Yarralumla Bay,BAY,WATERBODY,HYDROLOGY,-35.29993,149.10124,ACT,2025-12-09,POINT (149.10124 -35.29993),gazetted
ACT_ACT000022,ACT000022,Bargang Beach,BEACH,LANDFORM,TERRAIN,-35.22783,149.06472,ACT,2025-12-09,POINT (149.06472 -35.22783),gazetted
ACT_ACT000038,ACT000038,Bhewerre Beach,BEACH,LANDFORM,TERRAIN,-35.16667,150.63333,ACT,2025-12-09,POINT (150.63333 -35.16667),gazetted
ACT_ACT000049,ACT000049,Bimbi Beach,BEACH,LANDFORM,TERRAIN,-35.23029,149.07404,ACT,2025-12-09,POINT (149.07404 -35.23029),gazetted
ACT_ACT000132,ACT000132,Cave Beach,BEACH,LANDFORM,TERRAIN,-35.16287,150.67001,ACT,2025-12-09,POINT (150.67001 -35.16287),gazetted
ACT_ACT000201,ACT000201,Dulwa Beach,BEACH,LANDFORM,TERRAIN,-35.22468,149.06849,ACT,2025-12-09,POINT (149.06849 -35.22468),gazetted
ACT_ACT000297,ACT000297,Gummiuk Beach,BEACH,LANDFORM,TERRAIN,-35.23378,149.06644,ACT,2025-12-09,POINT (149.06644 -35.23378),gazetted
ACT_ACT000482,ACT000482,Mundang Beach,BEACH,LANDFORM,TERRAIN,-35.40557,149.07018,ACT,2025-12-09,POINT (149.07018 -35.40557),gazetted
ACT_ACT000483,ACT000483,Murrays Beach,BEACH,LANDFORM,TERRAIN,-35.12559,150.76012,ACT,2025-12-09,POINT (150.76012 -35.12559),gazetted
ACT_ACT000502,ACT000502,Nengi Bamir Beach,BEACH,LANDFORM,TERRAIN,-35.22536,149.06901,ACT,2025-12-09,POINT (149.06901 -35.22536),gazetted
ACT_ACT000506,ACT000506,Ngadyung Beach,BEACH,LANDFORM,TERRAIN,-35.40612,149.06793,ACT,2025-12-09,POINT (149.06793 -35.40612),gazetted
ACT_ACT000508,ACT000508,Nguru Beach,BEACH,LANDFORM,TERRAIN,-35.40745,149.06903,ACT,2025-12-09,POINT (149.06903 -35.40745),gazetted
ACT_ACT000637,ACT000637,Steamers Beach,BEACH,LANDFORM,TERRAIN,-35.17363,150.72537,ACT,2025-12-09,POINT (150.72537 -35.17363),gazetted
ACT_ACT000694,ACT000694,Tuggeranong Town Park Beach,BEACH,LANDFORM,TERRAIN,-35.40984,149.06648,ACT,2025-12-09,POINT (149.06648 -35.40984),gazetted
ACT_ACT000755,ACT000755,Yerra Beach,BEACH,LANDFORM,TERRAIN,-35.22551,149.06394,ACT,2025-12-09,POINT (149.06394 -35.22551),gazetted
ACT_ACT000018,ACT000018,Australian National Botanic Gardens,BOTANIC GARDENS,COMMUNITY FACILITY,CULTURE,-35.28178,149.11787,ACT,2025-12-09,POINT (149.11787 -35.28178),gazetted
ACT_ACT000171,ACT000171,Cotter Reserve Camp,CAMP GROUND,ACCOMMODATION,CULTURE,-35.32375,148.94665,ACT,2025-12-09,POINT (148.94665 -35.32375),gazetted
ACT_ACT000284,ACT000284,Green Patch,CAMP GROUND,ACCOMMODATION,CULTURE,-35.13629,150.72082,ACT,2025-12-09,POINT (150.72082 -35.13629),gazetted
ACT_ACT000378,ACT000378,Lees Creek Camp,CAMP GROUND,ACCOMMODATION,CULTURE,-35.3476,148.86309,ACT,2025-12-09,POINT (148.86309 -35.3476),gazetted
ACT_ACT000123,ACT000123,Cape St George,CAPE,LANDFORM,TERRAIN,-35.17101,150.75736,ACT,2025-12-09,POINT (150.75736 -35.17101),gazetted
ACT_ACT000166,ACT000166,Cotter Catchment Area,CATCHMENT MANAGEMENT,ADMINISTRATIVE AREA,ADMINISTRATION,-35.41507,148.83406,ACT,2025-12-09,POINT (148.83406 -35.41507),gazetted
ACT_ACT000011,ACT000011,Aranda Bushland,CONSERVATION PARK,PROTECTED AREA,ADMINISTRATION,-35.26487,149.08203,ACT,2025-12-09,POINT (149.08203 -35.26487),gazetted
ACT_ACT000055,ACT000055,Black Mountain Reserve,CONSERVATION PARK,PROTECTED AREA,ADMINISTRATION,-35.27194,149.09986,ACT,2025-12-09,POINT (149.09986 -35.27194),gazetted
ACT_ACT000352,ACT000352,Kambah Pool Reserve,CONSERVATION PARK,PROTECTED AREA,ADMINISTRATION,-35.3959,149.0102,ACT,2025-12-09,POINT (149.0102 -35.3959),gazetted
ACT_ACT000371,ACT000371,Lanyon Landscape Conservation Reserve,CONSERVATION PARK,PROTECTED AREA,ADMINISTRATION,-35.485,149.07435,ACT,2025-12-09,POINT (149.07435 -35.485),gazetted
ACT_ACT000428,ACT000428,Molonglo Gorge Recreation Reserve,CONSERVATION PARK,PROTECTED AREA,ADMINISTRATION,-35.32855,149.24661,ACT,2025-12-09,POINT (149.24661 -35.32855),gazetted
ACT_ACT000464,ACT000464,Mount Painter Reserve,CONSERVATION PARK,PROTECTED AREA,ADMINISTRATION,-35.26511,149.06787,ACT,2025-12-09,POINT (149.06787 -35.26511),gazetted
ACT_ACT000466,ACT000466,Mount Pleasant Reserve,CONSERVATION PARK,PROTECTED AREA,ADMINISTRATION,-35.29844,149.1512,ACT,2025-12-09,POINT (149.1512 -35.29844),gazetted
ACT_ACT000470,ACT000470,Mount Rogers Reserve,CONSERVATION PARK,PROTECTED AREA,ADMINISTRATION,-35.1988,149.05384,ACT,2025-12-09,POINT (149.05384 -35.1988),gazetted
ACT_ACT000553,ACT000553,Pine Island Reserve,CONSERVATION PARK,PROTECTED AREA,ADMINISTRATION,-35.4317,149.06699,ACT,2025-12-09,POINT (149.06699 -35.4317),gazetted
ACT_ACT000557,ACT000557,Point Hut Crossing Reserve,CONSERVATION PARK,PROTECTED AREA,ADMINISTRATION,-35.45236,149.0755,ACT,2025-12-09,POINT (149.0755 -35.45236),gazetted
ACT_ACT000577,ACT000577,Remembrance Nature Park,CONSERVATION PARK,PROTECTED AREA,ADMINISTRATION,-35.27924,149.1519,ACT,2025-12-09,POINT (149.1519 -35.27924),gazetted
ACT_ACT000733,ACT000733,Williamsdale Recreation Reserve,CONSERVATION PARK,PROTECTED AREA,ADMINISTRATION,-35.56378,149.13105,ACT,2025-12-09,POINT (149.13105 -35.56378),gazetted
ACT_ACT000766,ACT000766,Budjan Galindji Grasslands Nature Reserve,CONSERVATION PARK,PROTECTED AREA,ADMINISTRATION,-35.20498813,149.1458407,ACT,2025-12-09,POINT (149.145841 -35.204988),gazetted
ACT_ACT000796,ACT000796,Nadjung Mada Nature Reserve,CONSERVATION PARK,PROTECTED AREA,ADMINISTRATION,-35.21557002,149.1586722,ACT,2025-12-09,POINT (149.158672 -35.21557),gazetted
ACT_ACT000819,ACT000819,Stony Creek Nature Reserve,CONSERVATION PARK,PROTECTED AREA,ADMINISTRATION,-35.29276604,148.9472021,ACT,2025-12-09,POINT (148.947202 -35.292766),gazetted
ACT_ACT000004,ACT000004,Aerodrome Corner,CORNER,LANDMARK,CULTURE,-35.40335,148.82113,ACT,2025-12-09,POINT (148.82113 -35.40335),gazetted
ACT_ACT000226,ACT000226,Flints Crossing Reserve,CORNER,LANDMARK,CULTURE,-35.38819,148.96517,ACT,2025-12-09,POINT (148.96517 -35.38819),gazetted
ACT_ACT000549,ACT000549,Piccadilly Circus,CORNER,LANDMARK,CULTURE,-35.35882,148.80028,ACT,2025-12-09,POINT (148.80028 -35.35882),gazetted
ACT_ACT000576,ACT000576,Reids Pinch,CORNER,LANDMARK,CULTURE,-35.34134,148.8277,ACT,2025-12-09,POINT (148.8277 -35.34134),gazetted
ACT_ACT000623,ACT000623,Snowy Corner,CORNER,LANDMARK,CULTURE,-35.45234,148.87017,ACT,2025-12-09,POINT (148.87017 -35.45234),gazetted
ACT_ACT000661,ACT000661,Tatternals Landing,CORNER,LANDMARK,CULTURE,-35.39956,148.80543,ACT,2025-12-09,POINT (148.80543 -35.39956),gazetted
ACT_ACT000677,ACT000677,Thompsons Corner,CORNER,LANDMARK,CULTURE,-35.32118,148.86377,ACT,2025-12-09,POINT (148.86377 -35.32118),gazetted
ACT_ACT000716,ACT000716,Warks Camp,CORNER,LANDMARK,CULTURE,-35.39844,148.81788,ACT,2025-12-09,POINT (148.81788 -35.39844),gazetted
ACT_ACT000034,ACT000034,Bendora Dam,DAM,WATERBODY,HYDROLOGY,-35.46256,148.8244,ACT,2025-12-09,POINT (148.8244 -35.46256),gazetted
ACT_ACT000163,ACT000163,Corin Dam,DAM,WATERBODY,HYDROLOGY,-35.56541,148.83108,ACT,2025-12-09,POINT (148.83108 -35.56541),gazetted
ACT_ACT000167,ACT000167,Cotter Dam,DAM,WATERBODY,HYDROLOGY,-35.31759,148.93119,ACT,2025-12-09,POINT (148.93119 -35.31759),gazetted
ACT_ACT000607,ACT000607,Scrivener Dam,DAM,WATERBODY,HYDROLOGY,-35.29978,149.07295,ACT,2025-12-09,POINT (149.07295 -35.29978),gazetted
ACT_ACT000407,ACT000407,Majura Field Firing Range,FIRING RANGE,RECREATION,CULTURE,-35.26511,149.23454,ACT,2025-12-09,POINT (149.23454 -35.26511),gazetted
ACT_ACT000408,ACT000408,Majura Park Gun Club,FIRING RANGE,RECREATION,CULTURE,-35.20874,149.20088,ACT,2025-12-09,POINT (149.20088 -35.20874),gazetted
ACT_ACT000007,ACT000007,Angle Crossing,FORD,ROAD,TRANSPORT,-35.58368,149.10899,ACT,2025-12-09,POINT (149.10899 -35.58368),gazetted
ACT_ACT000160,ACT000160,Coppins Crossing,FORD,ROAD,TRANSPORT,-35.28603,149.03952,ACT,2025-12-09,POINT (149.03952 -35.28603),gazetted
ACT_ACT000225,ACT000225,Flints Crossing,FORD,ROAD,TRANSPORT,-35.38641,148.96582,ACT,2025-12-09,POINT (148.96582 -35.38641),gazetted
ACT_ACT000270,ACT000270,Glendale Crossing,FORD,ROAD,TRANSPORT,-35.68835,149.00138,ACT,2025-12-09,POINT (149.00138 -35.68835),gazetted
ACT_ACT000530,ACT000530,Orroral Ford,FORD,ROAD,TRANSPORT,-35.66511,148.98455,ACT,2025-12-09,POINT (148.98455 -35.66511),gazetted
ACT_ACT000538,ACT000538,Padovans Crossing,FORD,ROAD,TRANSPORT,-35.32822,148.88804,ACT,2025-12-09,POINT (148.88804 -35.32822),gazetted
ACT_ACT000556,ACT000556,Point Hut Crossing,FORD,ROAD,TRANSPORT,-35.4517,149.0738,ACT,2025-12-09,POINT (149.0738 -35.4517),gazetted
ACT_ACT000590,ACT000590,Rocky Crossing,FORD,ROAD,TRANSPORT,-35.64844,149.00121,ACT,2025-12-09,POINT (149.00121 -35.64844),gazetted
ACT_ACT000702,ACT000702,Uriarra Crossing,FORD,ROAD,TRANSPORT,-35.24393,148.95183,ACT,2025-12-09,POINT (148.95183 -35.24393),gazetted
ACT_ACT000707,ACT000707,Vanitys Crossing,FORD,ROAD,TRANSPORT,-35.34844,148.88454,ACT,2025-12-09,POINT (148.88454 -35.34844),gazetted
ACT_ACT000551,ACT000551,Pierces Creek Pine Forest,FOREST,VEGETATION,LANDCOVER,-35.35926,148.93364,ACT,2025-12-09,POINT (148.93364 -35.35926),gazetted
ACT_ACT000704,ACT000704,Uriarra Pine Forest,FOREST,VEGETATION,LANDCOVER,-35.30876,148.88388,ACT,2025-12-09,POINT (148.88388 -35.30876),gazetted
ACT_ACT000427,ACT000427,Molonglo Gorge,GORGE,LANDFORM,TERRAIN,-35.33078,149.25853,ACT,2025-12-09,POINT (149.25853 -35.33078),gazetted
ACT_ACT000569,ACT000569,Red Rocks Gorge,GORGE,LANDFORM,TERRAIN,-35.41344,149.05104,ACT,2025-12-09,POINT (149.05104 -35.41344),gazetted
ACT_ACT000763,ACT000763,Barrer Hill,HILL,LANDFORM,TERRAIN,-35.30728327,149.0484047,ACT,2025-12-09,POINT (149.048405 -35.307283),gazetted
ACT_ACT000764,ACT000764,Bhewerre (Trig),HILL,LANDFORM,TERRAIN,-35.16238508,150.7324572,ACT,2025-12-09,POINT (150.732457 -35.162385),gazetted
ACT_ACT000795,ACT000795,Marion Mahony Griffin View,HILL,LANDFORM,TERRAIN,-35.27027357,149.1578831,ACT,2025-12-09,POINT (149.157883 -35.270274),gazetted
ACT_ACT000820,ACT000820,Swinger Hill,HILL,LANDFORM,TERRAIN,-35.35187186,149.0960018,ACT,2025-12-09,POINT (149.096002 -35.351872),gazetted
ACT_ACT000024,ACT000024,Barneys Hill,HILL,LANDFORM,TERRAIN,-35.43178,149.08454,ACT,2025-12-09,POINT (149.08454 -35.43178),gazetted
ACT_ACT000035,ACT000035,Bendora Hill,HILL,LANDFORM,TERRAIN,-35.40261,148.83603,ACT,2025-12-09,POINT (148.83603 -35.40261),gazetted
ACT_ACT000037,ACT000037,Bhewerre,HILL,LANDFORM,TERRAIN,-35.16238,150.73245,ACT,2025-12-09,POINT (150.73245 -35.16238),gazetted
ACT_ACT000052,ACT000052,Black Hill,HILL,LANDFORM,TERRAIN,-35.37939,148.95215,ACT,2025-12-09,POINT (148.95215 -35.37939),gazetted
ACT_ACT000067,ACT000067,Boboyan,HILL,LANDFORM,TERRAIN,-35.79844,148.98455,ACT,2025-12-09,POINT (148.98455 -35.79844),gazetted
ACT_ACT000070,ACT000070,Boboyan Hill,HILL,LANDFORM,TERRAIN,-35.85897,148.96585,ACT,2025-12-09,POINT (148.96585 -35.85897),gazetted
ACT_ACT000082,ACT000082,Booths Hill,HILL,LANDFORM,TERRAIN,-35.73178,149.03455,ACT,2025-12-09,POINT (149.03455 -35.73178),gazetted
ACT_ACT000085,ACT000085,Boyle,HILL,LANDFORM,TERRAIN,-35.69844,148.88455,ACT,2025-12-09,POINT (148.88455 -35.69844),gazetted
ACT_ACT000101,ACT000101,Bulls Head,HILL,LANDFORM,TERRAIN,-35.38491,148.81364,ACT,2025-12-09,POINT (148.81364 -35.38491),gazetted
ACT_ACT000105,ACT000105,Burnt Hill,HILL,LANDFORM,TERRAIN,-35.90095,148.99833,ACT,2025-12-09,POINT (148.99833 -35.90095),gazetted
ACT_ACT000109,ACT000109,Bushranger Hill,HILL,LANDFORM,TERRAIN,-35.40901,148.78674,ACT,2025-12-09,POINT (148.78674 -35.40901),gazetted
ACT_ACT000115,ACT000115,Camels Hump,HILL,LANDFORM,TERRAIN,-35.41677,148.89531,ACT,2025-12-09,POINT (148.89531 -35.41677),gazetted
ACT_ACT000125,ACT000125,Capital Hill,HILL,LANDFORM,TERRAIN,-35.30852,149.1244,ACT,2025-12-09,POINT (149.1244 -35.30852),gazetted
ACT_ACT000129,ACT000129,Castle Hill,HILL,LANDFORM,TERRAIN,-35.48392,149.05586,ACT,2025-12-09,POINT (149.05586 -35.48392),gazetted
ACT_ACT000143,ACT000143,City Hill,HILL,LANDFORM,TERRAIN,-35.2818,149.12865,ACT,2025-12-09,POINT (149.12865 -35.2818),gazetted
ACT_ACT000145,ACT000145,Clear Hills,HILL,LANDFORM,TERRAIN,-35.55661,148.86454,ACT,2025-12-09,POINT (148.86454 -35.55661),gazetted
ACT_ACT000153,ACT000153,Condor,HILL,LANDFORM,TERRAIN,-35.33178,148.90121,ACT,2025-12-09,POINT (148.90121 -35.33178),gazetted
ACT_ACT000170,ACT000170,Cotter Hill,HILL,LANDFORM,TERRAIN,-35.37914,148.87518,ACT,2025-12-09,POINT (148.87518 -35.37914),gazetted
ACT_ACT000177,ACT000177,Crace Hill,HILL,LANDFORM,TERRAIN,-35.22807,149.13571,ACT,2025-12-09,POINT (149.13571 -35.22807),gazetted
ACT_ACT000188,ACT000188,Deadmans Hill,HILL,LANDFORM,TERRAIN,-35.56267,148.98969,ACT,2025-12-09,POINT (148.98969 -35.56267),gazetted
ACT_ACT000223,ACT000223,Fitzs Hill,HILL,LANDFORM,TERRAIN,-35.60414,149.00122,ACT,2025-12-09,POINT (149.00122 -35.60414),gazetted
ACT_ACT000224,ACT000224,Flat Rock Spur,HILL,LANDFORM,TERRAIN,-35.43892,148.82341,ACT,2025-12-09,POINT (148.82341 -35.43892),gazetted
ACT_ACT000230,ACT000230,Forest Knob,HILL,LANDFORM,TERRAIN,-35.40675,148.79687,ACT,2025-12-09,POINT (148.79687 -35.40675),gazetted
ACT_ACT000232,ACT000232,Forster Hill,HILL,LANDFORM,TERRAIN,-35.38448,149.01969,ACT,2025-12-09,POINT (149.01969 -35.38448),gazetted
ACT_ACT000280,ACT000280,Gossan Hill,HILL,LANDFORM,TERRAIN,-35.24714,149.08611,ACT,2025-12-09,POINT (149.08611 -35.24714),gazetted
ACT_ACT000287,ACT000287,Greenwood Hill,HILL,LANDFORM,TERRAIN,-35.23143,149.24248,ACT,2025-12-09,POINT (149.24248 -35.23143),gazetted
ACT_ACT000301,ACT000301,Gungahlin Hill,HILL,LANDFORM,TERRAIN,-35.20897,149.11304,ACT,2025-12-09,POINT (149.11304 -35.20897),gazetted
ACT_ACT000312,ACT000312,Harcourt Hill,HILL,LANDFORM,TERRAIN,-35.18179,149.08285,ACT,2025-12-09,POINT (149.08285 -35.18179),gazetted
ACT_ACT000325,ACT000325,Hospital Hill,HILL,LANDFORM,TERRAIN,-35.78596,148.99,ACT,2025-12-09,POINT (148.99 -35.78596),gazetted
ACT_ACT000339,ACT000339,Jacks Lookout,HILL,LANDFORM,TERRAIN,-35.40418,148.96076,ACT,2025-12-09,POINT (148.96076 -35.40418),gazetted
ACT_ACT000420,ACT000420,Mcquoids Hill,HILL,LANDFORM,TERRAIN,-35.38128,149.03526,ACT,2025-12-09,POINT (149.03526 -35.38128),gazetted
ACT_ACT000456,ACT000456,Mount Kelly Spur,HILL,LANDFORM,TERRAIN,-35.69844,148.86788,ACT,2025-12-09,POINT (148.86788 -35.69844),gazetted
ACT_ACT000486,ACT000486,Murrays Hill,HILL,LANDFORM,TERRAIN,-35.36837,148.94067,ACT,2025-12-09,POINT (148.94067 -35.36837),gazetted
ACT_ACT000498,ACT000498,Narrabundah Hill,HILL,LANDFORM,TERRAIN,-35.3372,149.02277,ACT,2025-12-09,POINT (149.02277 -35.3372),gazetted
ACT_ACT000501,ACT000501,Neighbour Hill,HILL,LANDFORM,TERRAIN,-35.37535,149.03472,ACT,2025-12-09,POINT (149.03472 -35.37535),gazetted
ACT_ACT000517,ACT000517,Nursery Hill,HILL,LANDFORM,TERRAIN,-35.69027,148.96745,ACT,2025-12-09,POINT (148.96745 -35.69027),gazetted
ACT_ACT000526,ACT000526,One Tree Hill,HILL,LANDFORM,TERRAIN,-35.14236,149.09119,ACT,2025-12-09,POINT (149.09119 -35.14236),gazetted
ACT_ACT000529,ACT000529,Orroral,HILL,LANDFORM,TERRAIN,-35.64844,148.93455,ACT,2025-12-09,POINT (148.93455 -35.64844),gazetted
ACT_ACT000546,ACT000546,Pheasant Hill,HILL,LANDFORM,TERRAIN,-35.86455,148.97017,ACT,2025-12-09,POINT (148.97017 -35.86455),gazetted
ACT_ACT000555,ACT000555,Pleasant Hill,HILL,LANDFORM,TERRAIN,-35.23468,148.93443,ACT,2025-12-09,POINT (148.93443 -35.23468),gazetted
ACT_ACT000560,ACT000560,Poppet Hill,HILL,LANDFORM,TERRAIN,-35.27225,149.2985,ACT,2025-12-09,POINT (149.2985 -35.27225),gazetted
ACT_ACT000562,ACT000562,Potters Hill,HILL,LANDFORM,TERRAIN,-35.49766,149.00298,ACT,2025-12-09,POINT (149.00298 -35.49766),gazetted
ACT_ACT000567,ACT000567,Red Hill,HILL,LANDFORM,TERRAIN,-35.32824,149.1165,ACT,2025-12-09,POINT (149.1165 -35.32824),gazetted
ACT_ACT000608,ACT000608,Scrivener Hill,HILL,LANDFORM,TERRAIN,-35.35184,149.11087,ACT,2025-12-09,POINT (149.11087 -35.35184),gazetted
ACT_ACT000618,ACT000618,Shepherds Lookout,HILL,LANDFORM,TERRAIN,-35.251,148.9878,ACT,2025-12-09,POINT (148.9878 -35.251),gazetted
ACT_ACT000622,ACT000622,Snow Gum Hill,HILL,LANDFORM,TERRAIN,-35.44692,148.77526,ACT,2025-12-09,POINT (148.77526 -35.44692),gazetted
ACT_ACT000638,ACT000638,Stinging Nettle Hill,HILL,LANDFORM,TERRAIN,-35.2216,148.95723,ACT,2025-12-09,POINT (148.95723 -35.2216),gazetted
ACT_ACT000644,ACT000644,Stockyard Spur,HILL,LANDFORM,TERRAIN,-35.50509,148.82178,ACT,2025-12-09,POINT (148.82178 -35.50509),gazetted
ACT_ACT000650,ACT000650,Sugarloaf,HILL,LANDFORM,TERRAIN,-35.34844,148.91788,ACT,2025-12-09,POINT (148.91788 -35.34844),gazetted
ACT_ACT000671,ACT000671,The Pinnacle,HILL,LANDFORM,TERRAIN,-35.25745,149.04077,ACT,2025-12-09,POINT (149.04077 -35.25745),gazetted
ACT_ACT000691,ACT000691,Tuggeranong Hill,HILL,LANDFORM,TERRAIN,-35.45679,149.1099,ACT,2025-12-09,POINT (149.1099 -35.45679),gazetted
ACT_ACT000699,ACT000699,Urambi Hill,HILL,LANDFORM,TERRAIN,-35.39994,149.05429,ACT,2025-12-09,POINT (149.05429 -35.39994),gazetted
ACT_ACT000703,ACT000703,Uriarra Hill,HILL,LANDFORM,TERRAIN,-35.30214,148.86542,ACT,2025-12-09,POINT (148.86542 -35.30214),gazetted
ACT_ACT000714,ACT000714,Wanniassa Hill,HILL,LANDFORM,TERRAIN,-35.39844,149.11787,ACT,2025-12-09,POINT (149.11787 -35.39844),gazetted
ACT_ACT000745,ACT000745,Wrights Hill,HILL,LANDFORM,TERRAIN,-35.89702,148.96614,ACT,2025-12-09,POINT (148.96614 -35.89702),gazetted
ACT_ACT000012,ACT000012,Aroma,HOMESTEAD,LANDMARK,CULTURE,-35.43178,149.08454,ACT,2025-12-09,POINT (149.08454 -35.43178),gazetted
ACT_ACT000016,ACT000016,Athllon Homestead,HOMESTEAD,LANDMARK,CULTURE,-35.41259,149.1128,ACT,2025-12-09,POINT (149.1128 -35.41259),gazetted
ACT_ACT000019,ACT000019,Avonley,HOMESTEAD,LANDMARK,CULTURE,-35.25753,149.19443,ACT,2025-12-09,POINT (149.19443 -35.25753),gazetted
ACT_ACT000020,ACT000020,Ballineen,HOMESTEAD,LANDMARK,CULTURE,-35.58414,149.04164,ACT,2025-12-09,POINT (149.04164 -35.58414),gazetted
ACT_ACT000030,ACT000030,Belconnen Station,HOMESTEAD,LANDMARK,CULTURE,-35.21957,148.97506,ACT,2025-12-09,POINT (148.97506 -35.21957),gazetted
ACT_ACT000031,ACT000031,Bellview,HOMESTEAD,LANDMARK,CULTURE,-35.48464,149.14251,ACT,2025-12-09,POINT (149.14251 -35.48464),gazetted
ACT_ACT000032,ACT000032,Bendora,HOMESTEAD,LANDMARK,CULTURE,-35.22138,149.17085,ACT,2025-12-09,POINT (149.17085 -35.22138),gazetted
ACT_ACT000050,ACT000050,Bindango,HOMESTEAD,LANDMARK,CULTURE,-35.41511,149.08454,ACT,2025-12-09,POINT (149.08454 -35.41511),gazetted
ACT_ACT000066,ACT000066,Blythme Cottage,HOMESTEAD,LANDMARK,CULTURE,-35.5007,148.98816,ACT,2025-12-09,POINT (148.98816 -35.5007),gazetted
ACT_ACT000068,ACT000068,Boboyan (ruins),HOMESTEAD,LANDMARK,CULTURE,-35.84602,148.97871,ACT,2025-12-09,POINT (148.97871 -35.84602),gazetted
ACT_ACT000074,ACT000074,Bonshaw,HOMESTEAD,LANDMARK,CULTURE,-35.3452,149.18928,ACT,2025-12-09,POINT (149.18928 -35.3452),gazetted
ACT_ACT000076,ACT000076,Booroomba,HOMESTEAD,LANDMARK,CULTURE,-35.48676,148.97991,ACT,2025-12-09,POINT (148.97991 -35.48676),gazetted
ACT_ACT000095,ACT000095,Bulgar Creek,HOMESTEAD,LANDMARK,CULTURE,-35.34531,149.00459,ACT,2025-12-09,POINT (149.00459 -35.34531),gazetted
ACT_ACT000106,ACT000106,Burraburroo,HOMESTEAD,LANDMARK,CULTURE,-35.57656,149.10381,ACT,2025-12-09,POINT (149.10381 -35.57656),gazetted
ACT_ACT000107,ACT000107,Bushfold,HOMESTEAD,LANDMARK,CULTURE,-35.55713,149.02811,ACT,2025-12-09,POINT (149.02811 -35.55713),gazetted
ACT_ACT000111,ACT000111,Callum Brae,HOMESTEAD,LANDMARK,CULTURE,-35.36045,149.15295,ACT,2025-12-09,POINT (149.15295 -35.36045),gazetted
ACT_ACT000112,ACT000112,Caloola Farm,HOMESTEAD,LANDMARK,CULTURE,-35.66748,149.07308,ACT,2025-12-09,POINT (149.07308 -35.66748),gazetted
ACT_ACT000122,ACT000122,Canberra Park,HOMESTEAD,LANDMARK,CULTURE,-35.21511,149.18454,ACT,2025-12-09,POINT (149.18454 -35.21511),gazetted
ACT_ACT000130,ACT000130,Castle Hill,HOMESTEAD,LANDMARK,CULTURE,-35.48178,149.05121,ACT,2025-12-09,POINT (149.05121 -35.48178),gazetted
ACT_ACT000135,ACT000135,Charnwood,HOMESTEAD,LANDMARK,CULTURE,-35.18178,149.03454,ACT,2025-12-09,POINT (149.03454 -35.18178),gazetted
ACT_ACT000137,ACT000137,Cherryburn,HOMESTEAD,LANDMARK,CULTURE,-35.25863,149.18465,ACT,2025-12-09,POINT (149.18465 -35.25863),gazetted
ACT_ACT000155,ACT000155,Congwarra,HOMESTEAD,LANDMARK,CULTURE,-35.41357,148.94367,ACT,2025-12-09,POINT (148.94367 -35.41357),gazetted
ACT_ACT000182,ACT000182,Cuppacumbalong,HOMESTEAD,LANDMARK,CULTURE,-35.51511,149.06788,ACT,2025-12-09,POINT (149.06788 -35.51511),gazetted
ACT_ACT000183,ACT000183,Cuppacumbalong Homestead,HOMESTEAD,LANDMARK,CULTURE,-35.51372,149.07113,ACT,2025-12-09,POINT (149.07113 -35.51372),gazetted
ACT_ACT000191,ACT000191,Deaseland,HOMESTEAD,LANDMARK,CULTURE,-35.19844,149.08454,ACT,2025-12-09,POINT (149.08454 -35.19844),gazetted
ACT_ACT000196,ACT000196,Dove Cottage,HOMESTEAD,LANDMARK,CULTURE,-35.28105,149.18894,ACT,2025-12-09,POINT (149.18894 -35.28105),gazetted
ACT_ACT000204,ACT000204,Duntroon Woolshed,HOMESTEAD,LANDMARK,CULTURE,-35.29659,149.18315,ACT,2025-12-09,POINT (149.18315 -35.29659),gazetted
ACT_ACT000207,ACT000207,Elm Grove,HOMESTEAD,LANDMARK,CULTURE,-35.14581,149.13123,ACT,2025-12-09,POINT (149.13123 -35.14581),gazetted
ACT_ACT000214,ACT000214,Fairvale,HOMESTEAD,LANDMARK,CULTURE,-35.34015,148.98855,ACT,2025-12-09,POINT (148.98855 -35.34015),gazetted
ACT_ACT000217,ACT000217,Fassifern,HOMESTEAD,LANDMARK,CULTURE,-35.19627,149.01334,ACT,2025-12-09,POINT (149.01334 -35.19627),gazetted
ACT_ACT000222,ACT000222,Fitzs Hill,HOMESTEAD,LANDMARK,CULTURE,-35.63456,149.02131,ACT,2025-12-09,POINT (149.02131 -35.63456),gazetted
ACT_ACT000237,ACT000237,Freshford,HOMESTEAD,LANDMARK,CULTURE,-35.4355,149.03289,ACT,2025-12-09,POINT (149.03289 -35.4355),gazetted
ACT_ACT000248,ACT000248,Gibraltar Creek,HOMESTEAD,LANDMARK,CULTURE,-35.4545,148.97714,ACT,2025-12-09,POINT (148.97714 -35.4545),gazetted
ACT_ACT000256,ACT000256,Gilmores,HOMESTEAD,LANDMARK,CULTURE,-35.42376,148.92427,ACT,2025-12-09,POINT (148.92427 -35.42376),gazetted
ACT_ACT000265,ACT000265,Gladefield,HOMESTEAD,LANDMARK,CULTURE,-35.26383,149.20241,ACT,2025-12-09,POINT (149.20241 -35.26383),gazetted
ACT_ACT000268,ACT000268,Glencoe,HOMESTEAD,LANDMARK,CULTURE,-35.65651,149.07895,ACT,2025-12-09,POINT (149.07895 -35.65651),gazetted
ACT_ACT000269,ACT000269,Glendale,HOMESTEAD,LANDMARK,CULTURE,-35.69571,149.01593,ACT,2025-12-09,POINT (149.01593 -35.69571),gazetted
ACT_ACT000271,ACT000271,Glenloch,HOMESTEAD,LANDMARK,CULTURE,-35.27743,149.06633,ACT,2025-12-09,POINT (149.06633 -35.27743),gazetted
ACT_ACT000273,ACT000273,Gold Creek West,HOMESTEAD,LANDMARK,CULTURE,-35.17964,149.07622,ACT,2025-12-09,POINT (149.07622 -35.17964),gazetted
ACT_ACT000274,ACT000274,Goldenholm,HOMESTEAD,LANDMARK,CULTURE,-35.33177,149.16787,ACT,2025-12-09,POINT (149.16787 -35.33177),gazetted
ACT_ACT000277,ACT000277,Goorowa,HOMESTEAD,LANDMARK,CULTURE,-35.44844,148.98454,ACT,2025-12-09,POINT (148.98454 -35.44844),gazetted
ACT_ACT000291,ACT000291,Gudgenby,HOMESTEAD,LANDMARK,CULTURE,-35.74337,148.98594,ACT,2025-12-09,POINT (148.98594 -35.74337),gazetted
ACT_ACT000295,ACT000295,Guises Flat,HOMESTEAD,LANDMARK,CULTURE,-35.54675,149.12603,ACT,2025-12-09,POINT (149.12603 -35.54675),gazetted
ACT_ACT000296,ACT000296,Gulla,HOMESTEAD,LANDMARK,CULTURE,-35.39844,149.08454,ACT,2025-12-09,POINT (149.08454 -35.39844),gazetted
ACT_ACT000318,ACT000318,Hill Station,HOMESTEAD,LANDMARK,CULTURE,-35.39198,149.16727,ACT,2025-12-09,POINT (149.16727 -35.39198),gazetted
ACT_ACT000328,ACT000328,Huntly,HOMESTEAD,LANDMARK,CULTURE,-35.28055,148.97905,ACT,2025-12-09,POINT (148.97905 -35.28055),gazetted
ACT_ACT000330,ACT000330,Ingledene,HOMESTEAD,LANDMARK,CULTURE,-35.57794,149.09298,ACT,2025-12-09,POINT (149.09298 -35.57794),gazetted
ACT_ACT000331,ACT000331,Ioma,HOMESTEAD,LANDMARK,CULTURE,-35.56455,149.06544,ACT,2025-12-09,POINT (149.06544 -35.56455),gazetted
ACT_ACT000355,ACT000355,Karralika,HOMESTEAD,LANDMARK,CULTURE,-35.4334,149.08885,ACT,2025-12-09,POINT (149.08885 -35.4334),gazetted
ACT_ACT000361,ACT000361,Kowen Camp,HOMESTEAD,LANDMARK,CULTURE,-35.29387,149.28399,ACT,2025-12-09,POINT (149.28399 -35.29387),gazetted
ACT_ACT000364,ACT000364,Kurringa,HOMESTEAD,LANDMARK,CULTURE,-35.18178,149.03454,ACT,2025-12-09,POINT (149.03454 -35.18178),gazetted
ACT_ACT000368,ACT000368,Lambrigg,HOMESTEAD,LANDMARK,CULTURE,-35.46593,149.05023,ACT,2025-12-09,POINT (149.05023 -35.46593),gazetted
ACT_ACT000369,ACT000369,Lands End,HOMESTEAD,LANDMARK,CULTURE,-35.26253,149.01919,ACT,2025-12-09,POINT (149.01919 -35.26253),gazetted
ACT_ACT000370,ACT000370,Lanyon,HOMESTEAD,LANDMARK,CULTURE,-35.49844,149.06788,ACT,2025-12-09,POINT (149.06788 -35.49844),gazetted
ACT_ACT000382,ACT000382,Lenanes,HOMESTEAD,LANDMARK,CULTURE,-35.66605,149.07795,ACT,2025-12-09,POINT (149.07795 -35.66605),gazetted
ACT_ACT000395,ACT000395,Long Flat,HOMESTEAD,LANDMARK,CULTURE,-35.63514,148.99295,ACT,2025-12-09,POINT (148.99295 -35.63514),gazetted
ACT_ACT000398,ACT000398,Lumeah,HOMESTEAD,LANDMARK,CULTURE,-35.18192,150.59505,ACT,2025-12-09,POINT (150.59505 -35.18192),gazetted
ACT_ACT000405,ACT000405,Majura,HOMESTEAD,LANDMARK,CULTURE,-35.26799,149.19137,ACT,2025-12-09,POINT (149.19137 -35.26799),gazetted
ACT_ACT000409,ACT000409,Malcolm Vale,HOMESTEAD,LANDMARK,CULTURE,-35.29214,149.21531,ACT,2025-12-09,POINT (149.21531 -35.29214),gazetted
ACT_ACT000410,ACT000410,Malumba,HOMESTEAD,LANDMARK,CULTURE,-35.3926,148.96294,ACT,2025-12-09,POINT (148.96294 -35.3926),gazetted
ACT_ACT000422,ACT000422,Melrose Valley,HOMESTEAD,LANDMARK,CULTURE,-35.44109,149.14477,ACT,2025-12-09,POINT (149.14477 -35.44109),gazetted
ACT_ACT000424,ACT000424,Miowera,HOMESTEAD,LANDMARK,CULTURE,-35.44092,148.98632,ACT,2025-12-09,POINT (148.98632 -35.44092),gazetted
ACT_ACT000479,ACT000479,Mulligans Flat,HOMESTEAD,LANDMARK,CULTURE,-35.16511,149.1512,ACT,2025-12-09,POINT (149.1512 -35.16511),gazetted
ACT_ACT000488,ACT000488,Murryong,HOMESTEAD,LANDMARK,CULTURE,-35.32393,149.33724,ACT,2025-12-09,POINT (149.33724 -35.32393),gazetted
ACT_ACT000492,ACT000492,Naas Homestead,HOMESTEAD,LANDMARK,CULTURE,-35.60084,149.04995,ACT,2025-12-09,POINT (149.04995 -35.60084),gazetted
ACT_ACT000494,ACT000494,Naas Valley,HOMESTEAD,LANDMARK,CULTURE,-35.6264,149.06705,ACT,2025-12-09,POINT (149.06705 -35.6264),gazetted
ACT_ACT000504,ACT000504,Nerreman,HOMESTEAD,LANDMARK,CULTURE,-35.3002,148.9639,ACT,2025-12-09,POINT (148.9639 -35.3002),gazetted
ACT_ACT000510,ACT000510,Nil Desperandum Heritage Homestead,HOMESTEAD,LANDMARK,CULTURE,-35.4411,148.91385,ACT,2025-12-09,POINT (148.91385 -35.4411),gazetted
ACT_ACT000511,ACT000511,Nine Elms,HOMESTEAD,LANDMARK,CULTURE,-35.19764,149.08508,ACT,2025-12-09,POINT (149.08508 -35.19764),gazetted
ACT_ACT000519,ACT000519,Oakey Creek,HOMESTEAD,LANDMARK,CULTURE,-35.39436,148.96042,ACT,2025-12-09,POINT (148.96042 -35.39436),gazetted
ACT_ACT000528,ACT000528,Orroral,HOMESTEAD,LANDMARK,CULTURE,-35.64043,148.96162,ACT,2025-12-09,POINT (148.96162 -35.64043),gazetted
ACT_ACT000535,ACT000535,Paddys River,HOMESTEAD,LANDMARK,CULTURE,-35.44844,148.96788,ACT,2025-12-09,POINT (148.96788 -35.44844),gazetted
ACT_ACT000552,ACT000552,Pine Island,HOMESTEAD,LANDMARK,CULTURE,-35.42518,149.05978,ACT,2025-12-09,POINT (149.05978 -35.42518),gazetted
ACT_ACT000554,ACT000554,Pine Ridge,HOMESTEAD,LANDMARK,CULTURE,-35.23101,149.00357,ACT,2025-12-09,POINT (149.00357 -35.23101),gazetted
ACT_ACT000570,ACT000570,Reedy Creek,HOMESTEAD,LANDMARK,CULTURE,-35.31274,149.24507,ACT,2025-12-09,POINT (149.24507 -35.31274),gazetted
ACT_ACT000582,ACT000582,River View,HOMESTEAD,LANDMARK,CULTURE,-35.53554,149.06685,ACT,2025-12-09,POINT (149.06685 -35.53554),gazetted
ACT_ACT000583,ACT000583,Riverlea,HOMESTEAD,LANDMARK,CULTURE,-35.38312,148.96239,ACT,2025-12-09,POINT (148.96239 -35.38312),gazetted
ACT_ACT000585,ACT000585,Rob Roy,HOMESTEAD,LANDMARK,CULTURE,-35.49844,149.13454,ACT,2025-12-09,POINT (149.13454 -35.49844),gazetted
ACT_ACT000588,ACT000588,Rockview,HOMESTEAD,LANDMARK,CULTURE,-35.65806,149.01626,ACT,2025-12-09,POINT (149.01626 -35.65806),gazetted
ACT_ACT000589,ACT000589,Rocky Crossing,HOMESTEAD,LANDMARK,CULTURE,-35.65473,148.99819,ACT,2025-12-09,POINT (148.99819 -35.65473),gazetted
ACT_ACT000596,ACT000596,Rose Hill,HOMESTEAD,LANDMARK,CULTURE,-35.50628,149.12844,ACT,2025-12-09,POINT (149.12844 -35.50628),gazetted
ACT_ACT000597,ACT000597,Roseview,HOMESTEAD,LANDMARK,CULTURE,-35.50683,149.14903,ACT,2025-12-09,POINT (149.14903 -35.50683),gazetted
ACT_ACT000598,ACT000598,Rosewood,HOMESTEAD,LANDMARK,CULTURE,-35.18178,149.06787,ACT,2025-12-09,POINT (149.06787 -35.18178),gazetted
ACT_ACT000646,ACT000646,Stonyhurst,HOMESTEAD,LANDMARK,CULTURE,-35.39108,149.1598,ACT,2025-12-09,POINT (149.1598 -35.39108),gazetted
ACT_ACT000647,ACT000647,Strathnairn,HOMESTEAD,LANDMARK,CULTURE,-35.23213,148.99349,ACT,2025-12-09,POINT (148.99349 -35.23213),gazetted
ACT_ACT000652,ACT000652,Sunny Corner,HOMESTEAD,LANDMARK,CULTURE,-35.16938,149.07875,ACT,2025-12-09,POINT (149.07875 -35.16938),gazetted
ACT_ACT000653,ACT000653,Sunshine,HOMESTEAD,LANDMARK,CULTURE,-35.58178,149.06788,ACT,2025-12-09,POINT (149.06788 -35.58178),gazetted
ACT_ACT000658,ACT000658,Tara Li,HOMESTEAD,LANDMARK,CULTURE,-35.32724,149.37616,ACT,2025-12-09,POINT (149.37616 -35.32724),gazetted
ACT_ACT000662,ACT000662,Tea Gardens,HOMESTEAD,LANDMARK,CULTURE,-35.18178,149.11787,ACT,2025-12-09,POINT (149.11787 -35.18178),gazetted
ACT_ACT000669,ACT000669,The Cottage,HOMESTEAD,LANDMARK,CULTURE,-35.21511,149.08454,ACT,2025-12-09,POINT (149.08454 -35.21511),gazetted
ACT_ACT000673,ACT000673,The Rivers,HOMESTEAD,LANDMARK,CULTURE,-35.24048,148.95498,ACT,2025-12-09,POINT (148.95498 -35.24048),gazetted
ACT_ACT000674,ACT000674,The Waterholes,HOMESTEAD,LANDMARK,CULTURE,-35.58395,149.12857,ACT,2025-12-09,POINT (149.12857 -35.58395),gazetted
ACT_ACT000675,ACT000675,The Willows,HOMESTEAD,LANDMARK,CULTURE,-35.23609,149.19972,ACT,2025-12-09,POINT (149.19972 -35.23609),gazetted
ACT_ACT000678,ACT000678,Tidbinbilla,HOMESTEAD,LANDMARK,CULTURE,-35.43664,148.93045,ACT,2025-12-09,POINT (148.93045 -35.43664),gazetted
ACT_ACT000686,ACT000686,Top Naas,HOMESTEAD,LANDMARK,CULTURE,-35.63815,149.06227,ACT,2025-12-09,POINT (149.06227 -35.63815),gazetted
ACT_ACT000697,ACT000697,Up Top,HOMESTEAD,LANDMARK,CULTURE,-35.19844,149.16787,ACT,2025-12-09,POINT (149.16787 -35.19844),gazetted
ACT_ACT000700,ACT000700,Uriarra,HOMESTEAD,LANDMARK,CULTURE,-35.28903,148.91185,ACT,2025-12-09,POINT (148.91185 -35.28903),gazetted
ACT_ACT000717,ACT000717,Warrawalong,HOMESTEAD,LANDMARK,CULTURE,-35.29424,149.255,ACT,2025-12-09,POINT (149.255 -35.29424),gazetted
ACT_ACT000722,ACT000722,Well Station,HOMESTEAD,LANDMARK,CULTURE,-35.18105,149.16431,ACT,2025-12-09,POINT (149.16431 -35.18105),gazetted
ACT_ACT000728,ACT000728,White Gates,HOMESTEAD,LANDMARK,CULTURE,-35.59676,149.0497,ACT,2025-12-09,POINT (149.0497 -35.59676),gazetted
ACT_ACT000734,ACT000734,Willowvale,HOMESTEAD,LANDMARK,CULTURE,-35.60546,149.03825,ACT,2025-12-09,POINT (149.03825 -35.60546),gazetted
ACT_ACT000735,ACT000735,Winslade,HOMESTEAD,LANDMARK,CULTURE,-35.33061,148.97463,ACT,2025-12-09,POINT (148.97463 -35.33061),gazetted
ACT_ACT000739,ACT000739,Woodstock,HOMESTEAD,LANDMARK,CULTURE,-35.23326,148.95084,ACT,2025-12-09,POINT (148.95084 -35.23326),gazetted
ACT_ACT000746,ACT000746,Yalgum,HOMESTEAD,LANDMARK,CULTURE,-35.3228,149.34852,ACT,2025-12-09,POINT (149.34852 -35.3228),gazetted
ACT_ACT000749,ACT000749,Yarralumla,HOMESTEAD,LANDMARK,CULTURE,-35.29844,149.06787,ACT,2025-12-09,POINT (149.06787 -35.29844),gazetted
ACT_ACT000757,ACT000757,YMCA Camp,HOMESTEAD,LANDMARK,CULTURE,-35.24181,148.9636,ACT,2025-12-09,POINT (148.9636 -35.24181),gazetted
ACT_ACT000001,ACT000001,Acacia Inlet,INLET,WATERBODY,HYDROLOGY,-35.28634,149.08914,ACT,2025-12-09,POINT (149.08914 -35.28634),gazetted
ACT_ACT000414,ACT000414,Mary Cove,INLET,WATERBODY,HYDROLOGY,-35.16667,150.68333,ACT,2025-12-09,POINT (150.68333 -35.16667),gazetted
ACT_ACT000651,ACT000651,Summer Cloud Cove,INLET,WATERBODY,HYDROLOGY,-35.17105,150.68954,ACT,2025-12-09,POINT (150.68954 -35.17105),gazetted
ACT_ACT000718,ACT000718,Warrina Inlet,INLET,WATERBODY,HYDROLOGY,-35.3016,149.08208,ACT,2025-12-09,POINT (149.08208 -35.3016),gazetted
ACT_ACT000754,ACT000754,Yarramundi Reach,INLET,WATERBODY,HYDROLOGY,-35.29692,149.08396,ACT,2025-12-09,POINT (149.08396 -35.29692),gazetted
ACT_ACT000014,ACT000014,Aspen Island,ISLAND,LANDFORM,TERRAIN,-35.29921,149.14211,ACT,2025-12-09,POINT (149.14211 -35.29921),gazetted
ACT_ACT000083,ACT000083,Bowen Island,ISLAND,LANDFORM,TERRAIN,-35.11667,150.76667,ACT,2025-12-09,POINT (150.76667 -35.11667),gazetted
ACT_ACT000631,ACT000631,Spinnaker Island,ISLAND,LANDFORM,TERRAIN,-35.29448,149.10678,ACT,2025-12-09,POINT (149.10678 -35.29448),gazetted
ACT_ACT000633,ACT000633,Springbank Island,ISLAND,LANDFORM,TERRAIN,-35.29021,149.11105,ACT,2025-12-09,POINT (149.11105 -35.29021),gazetted
ACT_ACT000649,ACT000649,Sturt Island,ISLAND,LANDFORM,TERRAIN,-35.24195,148.96653,ACT,2025-12-09,POINT (148.96653 -35.24195),gazetted
ACT_ACT000827,ACT000827,Ainslie Baker Gardens Preschool,EARLY EDUCATION,EDUCATION,SOCIETY,-35.26791059,149.1445752,ACT,2025-12-09,POINT (149.144575 -35.267911),gazetted
ACT_ACT000830,ACT000830,Amaroo Preschool,EARLY EDUCATION,EDUCATION,SOCIETY,-35.16516052,149.1266995,ACT,2025-12-09,POINT (149.1267 -35.165161),gazetted
ACT_ACT000833,ACT000833,Aranda Preschool,EARLY EDUCATION,EDUCATION,SOCIETY,-35.25674481,149.0776489,ACT,2025-12-09,POINT (149.077649 -35.256745),gazetted
ACT_ACT000841,ACT000841,Bonython Preschool,EARLY EDUCATION,EDUCATION,SOCIETY,-35.43050245,149.0821771,ACT,2025-12-09,POINT (149.082177 -35.430502),gazetted
ACT_ACT000845,ACT000845,Burgmann Anglican School Forde Campus,EARLY EDUCATION,EDUCATION,SOCIETY,-35.17092359,149.1428481,ACT,2025-12-09,POINT (149.142848 -35.170924),gazetted
ACT_ACT000848,ACT000848,Calwell Preschool,EARLY EDUCATION,EDUCATION,SOCIETY,-35.43900241,149.1098235,ACT,2025-12-09,POINT (149.109824 -35.439002),gazetted
ACT_ACT000851,ACT000851,Campbell Preschool,EARLY EDUCATION,EDUCATION,SOCIETY,-35.28997062,149.1557922,ACT,2025-12-09,POINT (149.155792 -35.289971),gazetted
ACT_ACT000859,ACT000859,Canberra Grammar School - Northside ECS,EARLY EDUCATION,EDUCATION,SOCIETY,-35.28534715,149.1468209,ACT,2025-12-09,POINT (149.146821 -35.285347),gazetted
ACT_ACT000864,ACT000864,Chapman Preschool,EARLY EDUCATION,EDUCATION,SOCIETY,-35.35598788,149.0420711,ACT,2025-12-09,POINT (149.042071 -35.355988),gazetted
ACT_ACT000866,ACT000866,Charles Conder Preschool,EARLY EDUCATION,EDUCATION,SOCIETY,-35.4651614,149.0988494,ACT,2025-12-09,POINT (149.098849 -35.465161),gazetted
ACT_ACT000868,ACT000868,Charles Weston Preschool,EARLY EDUCATION,EDUCATION,SOCIETY,-35.31956712,149.0414461,ACT,2025-12-09,POINT (149.041446 -35.319567),gazetted
ACT_ACT000870,ACT000870,Charnwood-Dunlop Preschool,EARLY EDUCATION,EDUCATION,SOCIETY,-35.19908597,149.0367047,ACT,2025-12-09,POINT (149.036705 -35.199086),gazetted
ACT_ACT000872,ACT000872,Chifley Preschool,EARLY EDUCATION,EDUCATION,SOCIETY,-35.35179419,149.0785644,ACT,2025-12-09,POINT (149.078564 -35.351794),gazetted
ACT_ACT000873,ACT000873,Chisholm Preschool,EARLY EDUCATION,EDUCATION,SOCIETY,-35.4195324,149.1221376,ACT,2025-12-09,POINT (149.122138 -35.419532),gazetted
ACT_ACT000879,ACT000879,Curtin North Preschool,EARLY EDUCATION,EDUCATION,SOCIETY,-35.3245669,149.0794945,ACT,2025-12-09,POINT (149.079494 -35.324567),gazetted
ACT_ACT000881,ACT000881,Curtin South Preschool,EARLY EDUCATION,EDUCATION,SOCIETY,-35.33185529,149.0780642,ACT,2025-12-09,POINT (149.078064 -35.331855),gazetted
ACT_ACT000883,ACT000883,Deakin Preschool,EARLY EDUCATION,EDUCATION,SOCIETY,-35.31705555,149.1105168,ACT,2025-12-09,POINT (149.110517 -35.317056),gazetted
ACT_ACT000885,ACT000885,Downer Preschool,EARLY EDUCATION,EDUCATION,SOCIETY,-35.24283976,149.1399596,ACT,2025-12-09,POINT (149.13996 -35.24284),gazetted
ACT_ACT000886,ACT000886,Duffy Preschool,EARLY EDUCATION,EDUCATION,SOCIETY,-35.33421389,149.0328575,ACT,2025-12-09,POINT (149.032858 -35.334214),gazetted
ACT_ACT000890,ACT000890,Evatt Preschool,EARLY EDUCATION,EDUCATION,SOCIETY,-35.20737924,149.0746575,ACT,2025-12-09,POINT (149.074658 -35.207379),gazetted
ACT_ACT000892,ACT000892,Evelyn Scott Preschool,EARLY EDUCATION,EDUCATION,SOCIETY,-35.30748662,149.0283201,ACT,2025-12-09,POINT (149.02832 -35.307487),gazetted
ACT_ACT000895,ACT000895,Fadden Preschool,EARLY EDUCATION,EDUCATION,SOCIETY,-35.40410882,149.1175676,ACT,2025-12-09,POINT (149.117568 -35.404109),gazetted
ACT_ACT000897,ACT000897,Farrer Preschool,EARLY EDUCATION,EDUCATION,SOCIETY,-35.37716375,149.1061218,ACT,2025-12-09,POINT (149.106122 -35.377164),gazetted
ACT_ACT000899,ACT000899,Florey Preschool,EARLY EDUCATION,EDUCATION,SOCIETY,-35.22611204,149.0532305,ACT,2025-12-09,POINT (149.05323 -35.226112),gazetted
ACT_ACT000901,ACT000901,Flynn Preschool,EARLY EDUCATION,EDUCATION,SOCIETY,-35.20722765,149.045001,ACT,2025-12-09,POINT (149.045001 -35.207228),gazetted
ACT_ACT000903,ACT000903,Franklin ECS Preschool,EARLY EDUCATION,EDUCATION,SOCIETY,-35.19626591,149.1453662,ACT,2025-12-09,POINT (149.145366 -35.196266),gazetted
ACT_ACT000905,ACT000905,Fraser Preschool,EARLY EDUCATION,EDUCATION,SOCIETY,-35.19143257,149.0435838,ACT,2025-12-09,POINT (149.043584 -35.191433),gazetted
ACT_ACT000907,ACT000907,Garran Preschool,EARLY EDUCATION,EDUCATION,SOCIETY,-35.34248251,149.1040428,ACT,2025-12-09,POINT (149.104043 -35.342483),gazetted
ACT_ACT000909,ACT000909,Gilmore Preschool,EARLY EDUCATION,EDUCATION,SOCIETY,-35.41966059,149.1349983,ACT,2025-12-09,POINT (149.134998 -35.419661),gazetted
ACT_ACT000911,ACT000911,Giralang Preschool,EARLY EDUCATION,EDUCATION,SOCIETY,-35.2137329,149.0944059,ACT,2025-12-09,POINT (149.094406 -35.213733),gazetted
ACT_ACT000916,ACT000916,Gordon Preschool,EARLY EDUCATION,EDUCATION,SOCIETY,-35.45571248,149.0869661,ACT,2025-12-09,POINT (149.086966 -35.455712),gazetted
ACT_ACT000918,ACT000918,Gowrie Preschool,EARLY EDUCATION,EDUCATION,SOCIETY,-35.41304875,149.1103057,ACT,2025-12-09,POINT (149.110306 -35.413049),gazetted
ACT_ACT000920,ACT000920,Griffith Preschool,EARLY EDUCATION,EDUCATION,SOCIETY,-35.32799707,149.1378268,ACT,2025-12-09,POINT (149.137827 -35.327997),gazetted
ACT_ACT000923,ACT000923,Hackett Preschool,EARLY EDUCATION,EDUCATION,SOCIETY,-35.24950364,149.1629307,ACT,2025-12-09,POINT (149.162931 -35.249504),gazetted
ACT_ACT000924,ACT000924,Hall Preschool,EARLY EDUCATION,EDUCATION,SOCIETY,-35.16780098,149.0694788,ACT,2025-12-09,POINT (149.069479 -35.167801),gazetted
ACT_ACT000925,ACT000925,Harrison Preschool,EARLY EDUCATION,EDUCATION,SOCIETY,-35.19845368,149.1520102,ACT,2025-12-09,POINT (149.15201 -35.198454),gazetted
ACT_ACT000929,ACT000929,Hawker Preschool,EARLY EDUCATION,EDUCATION,SOCIETY,-35.25021592,149.0353751,ACT,2025-12-09,POINT (149.035375 -35.250216),gazetted
ACT_ACT000934,ACT000934,Hughes Preschool,EARLY EDUCATION,EDUCATION,SOCIETY,-35.33145346,149.0947254,ACT,2025-12-09,POINT (149.094725 -35.331453),gazetted
ACT_ACT000936,ACT000936,Isabella Plains ECS Preschool,EARLY EDUCATION,EDUCATION,SOCIETY,-35.42863724,149.0887138,ACT,2025-12-09,POINT (149.088714 -35.428637),gazetted
ACT_ACT000938,ACT000938,Jervis Bay Preschool,EARLY EDUCATION,EDUCATION,SOCIETY,-35.13066886,150.7049119,ACT,2025-12-09,POINT (150.704912 -35.130669),gazetted
ACT_ACT000939,ACT000939,Kaleen Preschool,EARLY EDUCATION,EDUCATION,SOCIETY,-35.22440988,149.1122513,ACT,2025-12-09,POINT (149.112251 -35.22441),gazetted
ACT_ACT000941,ACT000941,Kingsford Smith Preschool,EARLY EDUCATION,EDUCATION,SOCIETY,-35.22730509,149.0199898,ACT,2025-12-09,POINT (149.01999 -35.227305),gazetted
ACT_ACT000946,ACT000946,Latham Preschool,EARLY EDUCATION,EDUCATION,SOCIETY,-35.21847613,149.0333642,ACT,2025-12-09,POINT (149.033364 -35.218476),gazetted
ACT_ACT000949,ACT000949,Lyneham Preschool,EARLY EDUCATION,EDUCATION,SOCIETY,-35.24867365,149.1250085,ACT,2025-12-09,POINT (149.125008 -35.248674),gazetted
ACT_ACT000951,ACT000951,Lyons ECS Preschool,EARLY EDUCATION,EDUCATION,SOCIETY,-35.34185059,149.0766481,ACT,2025-12-09,POINT (149.076648 -35.341851),gazetted
ACT_ACT000952,ACT000952,Macgregor Preschool,EARLY EDUCATION,EDUCATION,SOCIETY,-35.2123613,149.0113971,ACT,2025-12-09,POINT (149.011397 -35.212361),gazetted
ACT_ACT000954,ACT000954,Macquarie Preschool,EARLY EDUCATION,EDUCATION,SOCIETY,-35.25015417,149.0591291,ACT,2025-12-09,POINT (149.059129 -35.250154),gazetted
ACT_ACT000958,ACT000958,Margaret Hendry Preschool,EARLY EDUCATION,EDUCATION,SOCIETY,-35.1508481,149.1091862,ACT,2025-12-09,POINT (149.109186 -35.150848),gazetted
ACT_ACT000960,ACT000960,Maribyrnong Preschool,EARLY EDUCATION,EDUCATION,SOCIETY,-35.23470869,149.1026615,ACT,2025-12-09,POINT (149.102662 -35.234709),gazetted
ACT_ACT000963,ACT000963,Mawson Preschool,EARLY EDUCATION,EDUCATION,SOCIETY,-35.35747017,149.0977473,ACT,2025-12-09,POINT (149.097747 -35.35747),gazetted
ACT_ACT000967,ACT000967,Melba Preschool,EARLY EDUCATION,EDUCATION,SOCIETY,-35.20934274,149.0551018,ACT,2025-12-09,POINT (149.055102 -35.209343),gazetted
ACT_ACT000970,ACT000970,Miles Franklin Preschool,EARLY EDUCATION,EDUCATION,SOCIETY,-35.21257428,149.0671667,ACT,2025-12-09,POINT (149.067167 -35.212574),gazetted
ACT_ACT000972,ACT000972,Monash Preschool,EARLY EDUCATION,EDUCATION,SOCIETY,-35.41371202,149.0895702,ACT,2025-12-09,POINT (149.08957 -35.413712),gazetted
ACT_ACT000977,ACT000977,Namadgi Preschool,EARLY EDUCATION,EDUCATION,SOCIETY,-35.39235911,149.0662251,ACT,2025-12-09,POINT (149.066225 -35.392359),gazetted
ACT_ACT000981,ACT000981,Narrabundah ECS Preschool,EARLY EDUCATION,EDUCATION,SOCIETY,-35.32897713,149.1508203,ACT,2025-12-09,POINT (149.15082 -35.328977),gazetted
ACT_ACT000982,ACT000982,Neville Bonner Preschool,EARLY EDUCATION,EDUCATION,SOCIETY,-35.16248582,149.1411079,ACT,2025-12-09,POINT (149.141108 -35.162486),gazetted
ACT_ACT000984,ACT000984,Ngunnawal Preschool,EARLY EDUCATION,EDUCATION,SOCIETY,-35.16921399,149.111591,ACT,2025-12-09,POINT (149.111591 -35.169214),gazetted
ACT_ACT000986,ACT000986,Nicholls Preschool,EARLY EDUCATION,EDUCATION,SOCIETY,-35.18200284,149.0995741,ACT,2025-12-09,POINT (149.099574 -35.182003),gazetted
ACT_ACT000987,ACT000987,North Ainslie Preschool,EARLY EDUCATION,EDUCATION,SOCIETY,-35.25439704,149.1482086,ACT,2025-12-09,POINT (149.148209 -35.254397),gazetted
ACT_ACT000989,ACT000989,O'Connor Cooperative Preschool,EARLY EDUCATION,EDUCATION,SOCIETY,-35.26112287,149.1200778,ACT,2025-12-09,POINT (149.120078 -35.261123),gazetted
ACT_ACT000993,ACT000993,Palmerston Preschool,EARLY EDUCATION,EDUCATION,SOCIETY,-35.19737078,149.1204832,ACT,2025-12-09,POINT (149.120483 -35.197371),gazetted
ACT_ACT000994,ACT000994,Pearce Preschool,EARLY EDUCATION,EDUCATION,SOCIETY,-35.36448131,149.0842007,ACT,2025-12-09,POINT (149.084201 -35.364481),gazetted
ACT_ACT000998,ACT000998,Red Hill Preschool,EARLY EDUCATION,EDUCATION,SOCIETY,-35.33847123,149.132881,ACT,2025-12-09,POINT (149.132881 -35.338471),gazetted
ACT_ACT001000,ACT001000,Reid Preschool,EARLY EDUCATION,EDUCATION,SOCIETY,-35.28252476,149.1402008,ACT,2025-12-09,POINT (149.140201 -35.282525),gazetted
ACT_ACT001001,ACT001001,Richardson Preschool,EARLY EDUCATION,EDUCATION,SOCIETY,-35.4283314,149.11463,ACT,2025-12-09,POINT (149.11463 -35.428331),gazetted
ACT_ACT001005,ACT001005,Southern Cross ECS Preschool,EARLY EDUCATION,EDUCATION,SOCIETY,-35.23283151,149.0386011,ACT,2025-12-09,POINT (149.038601 -35.232832),gazetted
ACT_ACT001006,ACT001006,Spence Preschool,EARLY EDUCATION,EDUCATION,SOCIETY,-35.19946515,149.0656003,ACT,2025-12-09,POINT (149.0656 -35.199465),gazetted
ACT_ACT001031,ACT001031,Taylor Preschool,EARLY EDUCATION,EDUCATION,SOCIETY,-35.37865069,149.0646889,ACT,2025-12-09,POINT (149.064689 -35.378651),gazetted
ACT_ACT001035,ACT001035,Tharwa Preschool,EARLY EDUCATION,EDUCATION,SOCIETY,-35.50879376,149.0678151,ACT,2025-12-09,POINT (149.067815 -35.508794),gazetted
ACT_ACT001037,ACT001037,Theodore Preschool,EARLY EDUCATION,EDUCATION,SOCIETY,-35.44728885,149.1241557,ACT,2025-12-09,POINT (149.124156 -35.447289),gazetted
ACT_ACT001039,ACT001039,Torrens Preschool,EARLY EDUCATION,EDUCATION,SOCIETY,-35.37325965,149.0855892,ACT,2025-12-09,POINT (149.085589 -35.37326),gazetted
ACT_ACT001043,ACT001043,Turner Preschool,EARLY EDUCATION,EDUCATION,SOCIETY,-35.26383763,149.1274237,ACT,2025-12-09,POINT (149.127424 -35.263838),gazetted
ACT_ACT001047,ACT001047,Wanniassa Hills Preschool,EARLY EDUCATION,EDUCATION,SOCIETY,-35.3924569,149.0949815,ACT,2025-12-09,POINT (149.094982 -35.392457),gazetted
ACT_ACT001049,ACT001049,Wanniassa Preschool,EARLY EDUCATION,EDUCATION,SOCIETY,-35.39930787,149.0858166,ACT,2025-12-09,POINT (149.085817 -35.399308),gazetted
ACT_ACT001052,ACT001052,Waramanga Preschool,EARLY EDUCATION,EDUCATION,SOCIETY,-35.35529052,149.0595171,ACT,2025-12-09,POINT (149.059517 -35.355291),gazetted
ACT_ACT001053,ACT001053,Watson Preschool,EARLY EDUCATION,EDUCATION,SOCIETY,-35.23725706,149.1519686,ACT,2025-12-09,POINT (149.151969 -35.237257),gazetted
ACT_ACT001054,ACT001054,Weetangera Preschool,EARLY EDUCATION,EDUCATION,SOCIETY,-35.25134414,149.0463489,ACT,2025-12-09,POINT (149.046349 -35.251344),gazetted
ACT_ACT001057,ACT001057,Yarralumla Preschool,EARLY EDUCATION,EDUCATION,SOCIETY,-35.30682852,149.1031474,ACT,2025-12-09,POINT (149.103147 -35.306829),gazetted
ACT_ACT000790,ACT000790,Kingston Harbour,LAKE,WATERBODY,HYDROLOGY,-35.312037,149.147783,ACT,2025-12-09,POINT (149.147783 -35.312037),gazetted
ACT_ACT000792,ACT000792,Lake Tuggeranong,LAKE,WATERBODY,HYDROLOGY,-35.41990364,149.0739625,ACT,2025-12-09,POINT (149.073962 -35.419904),gazetted
ACT_ACT000367,ACT000367,Lake Windermere,LAKE,WATERBODY,HYDROLOGY,-35.13682,150.67243,ACT,2025-12-09,POINT (150.67243 -35.13682),gazetted
ACT_ACT000119,ACT000119,Canberra Airport,LANDING AREA,AIR,TRANSPORT,-35.30596,149.19388,ACT,2025-12-09,POINT (149.19388 -35.30596),gazetted
ACT_ACT000580,ACT000580,RFS Helicopter Base,LANDING AREA,AIR,TRANSPORT,-35.37762,149.17116,ACT,2025-12-09,POINT (149.17116 -35.37762),gazetted
ACT_ACT000629,ACT000629,Southcare Helibase,LANDING AREA,AIR,TRANSPORT,-35.37825,149.17146,ACT,2025-12-09,POINT (149.17146 -35.37825),gazetted
ACT_ACT000777,ACT000777,Family Law Court,LAW COURT,LEGAL,SOCIETY,-35.27907833,149.1230471,ACT,2025-12-09,POINT (149.123047 -35.279078),gazetted
ACT_ACT000801,ACT000801,"National Library
of Australia",LIBRARY,COMMUNITY FACILITY,CULTURE,-35.29650845,149.129472,ACT,2025-12-09,POINT (149.129472 -35.296508),gazetted
ACT_ACT000028,ACT000028,Belconnen,LOCAL GOVERNMENT AREA,ADMINISTRATIVE AREA,ADMINISTRATION,-35.23536,149.04469,ACT,2025-12-09,POINT (149.04469 -35.23536),gazetted
ACT_ACT000079,ACT000079,Booth,LOCAL GOVERNMENT AREA,ADMINISTRATIVE AREA,ADMINISTRATION,-35.72066,149.04394,ACT,2025-12-09,POINT (149.04394 -35.72066),gazetted
ACT_ACT000120,ACT000120,Canberra Central,LOCAL GOVERNMENT AREA,ADMINISTRATIVE AREA,ADMINISTRATION,-35.28925,149.13331,ACT,2025-12-09,POINT (149.13331 -35.28925),gazetted
ACT_ACT000161,ACT000161,Coree,LOCAL GOVERNMENT AREA,ADMINISTRATIVE AREA,ADMINISTRATION,-35.28655,148.90854,ACT,2025-12-09,POINT (148.90854 -35.28655),gazetted
ACT_ACT000173,ACT000173,Cotter River,LOCAL GOVERNMENT AREA,ADMINISTRATIVE AREA,ADMINISTRATION,-35.51667,148.83772,ACT,2025-12-09,POINT (148.83772 -35.51667),gazetted
ACT_ACT000300,ACT000300,Gungahlin,LOCAL GOVERNMENT AREA,ADMINISTRATIVE AREA,ADMINISTRATION,-35.17891,149.13347,ACT,2025-12-09,POINT (149.13347 -35.17891),gazetted
ACT_ACT000306,ACT000306,Hall,LOCAL GOVERNMENT AREA,ADMINISTRATIVE AREA,ADMINISTRATION,-35.16794,149.06167,ACT,2025-12-09,POINT (149.06167 -35.16794),gazetted
ACT_ACT000342,ACT000342,Jerrabomberra,LOCAL GOVERNMENT AREA,ADMINISTRATIVE AREA,ADMINISTRATION,-35.36439,149.16209,ACT,2025-12-09,POINT (149.16209 -35.36439),gazetted
ACT_ACT000360,ACT000360,Kowen,LOCAL GOVERNMENT AREA,ADMINISTRATIVE AREA,ADMINISTRATION,-35.31081,149.31361,ACT,2025-12-09,POINT (149.31361 -35.31081),gazetted
ACT_ACT000406,ACT000406,Majura,LOCAL GOVERNMENT AREA,ADMINISTRATIVE AREA,ADMINISTRATION,-35.27517,149.21016,ACT,2025-12-09,POINT (149.21016 -35.27517),gazetted
ACT_ACT000430,ACT000430,Molonglo Valley ,LOCAL GOVERNMENT AREA,ADMINISTRATIVE AREA,ADMINISTRATION,-35.29506,149.04273,ACT,2025-12-09,POINT (149.04273 -35.29506),gazetted
ACT_ACT000444,ACT000444,Mount Clear,LOCAL GOVERNMENT AREA,ADMINISTRATIVE AREA,ADMINISTRATION,-35.8484,148.98829,ACT,2025-12-09,POINT (148.98829 -35.8484),gazetted
ACT_ACT000537,ACT000537,Paddys River,LOCAL GOVERNMENT AREA,ADMINISTRATIVE AREA,ADMINISTRATION,-35.44497,148.96904,ACT,2025-12-09,POINT (148.96904 -35.44497),gazetted
ACT_ACT000579,ACT000579,Rendezvous Creek,LOCAL GOVERNMENT AREA,ADMINISTRATIVE AREA,ADMINISTRATION,-35.70948,148.94457,ACT,2025-12-09,POINT (148.94457 -35.70948),gazetted
ACT_ACT000648,ACT000648,Stromlo,LOCAL GOVERNMENT AREA,ADMINISTRATIVE AREA,ADMINISTRATION,-35.31303,148.99235,ACT,2025-12-09,POINT (148.99235 -35.31303),gazetted
ACT_ACT000666,ACT000666,Tennent,LOCAL GOVERNMENT AREA,ADMINISTRATIVE AREA,ADMINISTRATION,-35.57151,148.97835,ACT,2025-12-09,POINT (148.97835 -35.57151),gazetted
ACT_ACT000689,ACT000689,Tuggeranong,LOCAL GOVERNMENT AREA,ADMINISTRATIVE AREA,ADMINISTRATION,-35.45719,149.09889,ACT,2025-12-09,POINT (149.09889 -35.45719),gazetted
ACT_ACT000726,ACT000726,Weston Creek,LOCAL GOVERNMENT AREA,ADMINISTRATIVE AREA,ADMINISTRATION,-35.3335,149.04743,ACT,2025-12-09,POINT (149.04743 -35.3335),gazetted
ACT_ACT000737,ACT000737,Woden Valley,LOCAL GOVERNMENT AREA,ADMINISTRATIVE AREA,ADMINISTRATION,-35.34937,149.09411,ACT,2025-12-09,POINT (149.09411 -35.34937),gazetted
ACT_ACT000002,ACT000002,Acton,LOCALITY,ADMINISTRATIVE AREA,ADMINISTRATION,-35.28519,149.11297,ACT,2025-12-09,POINT (149.11297 -35.28519),gazetted
ACT_ACT000005,ACT000005,Ainslie,LOCALITY,ADMINISTRATIVE AREA,ADMINISTRATION,-35.26218,149.14792,ACT,2025-12-09,POINT (149.14792 -35.26218),gazetted
ACT_ACT000006,ACT000006,Amaroo,LOCALITY,ADMINISTRATIVE AREA,ADMINISTRATION,-35.17129,149.12877,ACT,2025-12-09,POINT (149.12877 -35.17129),gazetted
ACT_ACT000010,ACT000010,Aranda,LOCALITY,ADMINISTRATIVE AREA,ADMINISTRATION,-35.25806,149.08042,ACT,2025-12-09,POINT (149.08042 -35.25806),gazetted
ACT_ACT000021,ACT000021,Banks,LOCALITY,ADMINISTRATIVE AREA,ADMINISTRATION,-35.4723,149.09905,ACT,2025-12-09,POINT (149.09905 -35.4723),gazetted
ACT_ACT000025,ACT000025,Barton,LOCALITY,ADMINISTRATIVE AREA,ADMINISTRATION,-35.30739,149.14064,ACT,2025-12-09,POINT (149.14064 -35.30739),gazetted
ACT_ACT000026,ACT000026,Beard,LOCALITY,ADMINISTRATIVE AREA,ADMINISTRATION,-35.34172,149.21043,ACT,2025-12-09,POINT (149.21043 -35.34172),gazetted
ACT_ACT000029,ACT000029,Belconnen,LOCALITY,ADMINISTRATIVE AREA,ADMINISTRATION,-35.23538,149.06769,ACT,2025-12-09,POINT (149.06769 -35.23538),gazetted
ACT_ACT000073,ACT000073,Bonner,LOCALITY,ADMINISTRATIVE AREA,ADMINISTRATION,-35.15602,149.14282,ACT,2025-12-09,POINT (149.14282 -35.15602),gazetted
ACT_ACT000075,ACT000075,Bonython,LOCALITY,ADMINISTRATIVE AREA,ADMINISTRATION,-35.43326,149.07824,ACT,2025-12-09,POINT (149.07824 -35.43326),gazetted
ACT_ACT000087,ACT000087,Braddon,LOCALITY,ADMINISTRATIVE AREA,ADMINISTRATION,-35.27082,149.13572,ACT,2025-12-09,POINT (149.13572 -35.27082),gazetted
ACT_ACT000092,ACT000092,Bruce,LOCALITY,ADMINISTRATIVE AREA,ADMINISTRATION,-35.24533,149.09167,ACT,2025-12-09,POINT (149.09167 -35.24533),gazetted
ACT_ACT000114,ACT000114,Calwell,LOCALITY,ADMINISTRATIVE AREA,ADMINISTRATION,-35.44051,149.10712,ACT,2025-12-09,POINT (149.10712 -35.44051),gazetted
ACT_ACT000116,ACT000116,Campbell,LOCALITY,ADMINISTRATIVE AREA,ADMINISTRATION,-35.29145,149.15824,ACT,2025-12-09,POINT (149.15824 -35.29145),gazetted
ACT_ACT000124,ACT000124,Capital Hill,LOCALITY,ADMINISTRATIVE AREA,ADMINISTRATION,-35.30833,149.12444,ACT,2025-12-09,POINT (149.12444 -35.30833),gazetted
ACT_ACT000128,ACT000128,Casey,LOCALITY,ADMINISTRATIVE AREA,ADMINISTRATION,-35.16579,149.09518,ACT,2025-12-09,POINT (149.09518 -35.16579),gazetted
ACT_ACT000131,ACT000131,Causeway,LOCALITY,ADMINISTRATIVE AREA,ADMINISTRATION,-35.31511,149.1512,ACT,2025-12-09,POINT (149.1512 -35.31511),gazetted
ACT_ACT000134,ACT000134,Chapman,LOCALITY,ADMINISTRATIVE AREA,ADMINISTRATION,-35.35626,149.03742,ACT,2025-12-09,POINT (149.03742 -35.35626),gazetted
ACT_ACT000136,ACT000136,Charnwood,LOCALITY,ADMINISTRATIVE AREA,ADMINISTRATION,-35.20003,149.033,ACT,2025-12-09,POINT (149.033 -35.20003),gazetted
ACT_ACT000139,ACT000139,Chifley,LOCALITY,ADMINISTRATIVE AREA,ADMINISTRATION,-35.35351,149.07695,ACT,2025-12-09,POINT (149.07695 -35.35351),gazetted
ACT_ACT000140,ACT000140,Chisholm,LOCALITY,ADMINISTRATIVE AREA,ADMINISTRATION,-35.42208,149.12484,ACT,2025-12-09,POINT (149.12484 -35.42208),gazetted
ACT_ACT000141,ACT000141,Christians Minde,LOCALITY,ADMINISTRATIVE AREA,ADMINISTRATION,-35.15533,150.60907,ACT,2025-12-09,POINT (150.60907 -35.15533),gazetted
ACT_ACT000142,ACT000142,City,LOCALITY,ADMINISTRATIVE AREA,ADMINISTRATION,-35.28135,149.12865,ACT,2025-12-09,POINT (149.12865 -35.28135),gazetted
ACT_ACT000152,ACT000152,Conder,LOCALITY,ADMINISTRATIVE AREA,ADMINISTRATION,-35.45931,149.10427,ACT,2025-12-09,POINT (149.10427 -35.45931),gazetted
ACT_ACT000156,ACT000156,Cook,LOCALITY,ADMINISTRATIVE AREA,ADMINISTRATION,-35.2601,149.06635,ACT,2025-12-09,POINT (149.06635 -35.2601),gazetted
ACT_ACT000158,ACT000158,Coombs,LOCALITY,ADMINISTRATIVE AREA,ADMINISTRATION,-35.31814,149.04156,ACT,2025-12-09,POINT (149.04156 -35.31814),gazetted
ACT_ACT000176,ACT000176,Crace,LOCALITY,ADMINISTRATIVE AREA,ADMINISTRATION,-35.20225,149.10738,ACT,2025-12-09,POINT (149.10738 -35.20225),gazetted
ACT_ACT000184,ACT000184,Curtin,LOCALITY,ADMINISTRATIVE AREA,ADMINISTRATION,-35.32463,149.07737,ACT,2025-12-09,POINT (149.07737 -35.32463),gazetted
ACT_ACT000189,ACT000189,Deakin,LOCALITY,ADMINISTRATIVE AREA,ADMINISTRATION,-35.31919,149.10317,ACT,2025-12-09,POINT (149.10317 -35.31919),gazetted
ACT_ACT000194,ACT000194,Dickson,LOCALITY,ADMINISTRATIVE AREA,ADMINISTRATION,-35.25278,149.14165,ACT,2025-12-09,POINT (149.14165 -35.25278),gazetted
ACT_ACT000197,ACT000197,Downer,LOCALITY,ADMINISTRATIVE AREA,ADMINISTRATION,-35.24386,149.1435,ACT,2025-12-09,POINT (149.1435 -35.24386),gazetted
ACT_ACT000200,ACT000200,Duffy,LOCALITY,ADMINISTRATIVE AREA,ADMINISTRATION,-35.33461,149.03185,ACT,2025-12-09,POINT (149.03185 -35.33461),gazetted
ACT_ACT000202,ACT000202,Dunlop,LOCALITY,ADMINISTRATIVE AREA,ADMINISTRATION,-35.19365,149.01982,ACT,2025-12-09,POINT (149.01982 -35.19365),gazetted
ACT_ACT000211,ACT000211,Evatt,LOCALITY,ADMINISTRATIVE AREA,ADMINISTRATION,-35.21182,149.06896,ACT,2025-12-09,POINT (149.06896 -35.21182),gazetted
ACT_ACT000212,ACT000212,Fadden,LOCALITY,ADMINISTRATIVE AREA,ADMINISTRATION,-35.4019,149.11756,ACT,2025-12-09,POINT (149.11756 -35.4019),gazetted
ACT_ACT000215,ACT000215,Farrer,LOCALITY,ADMINISTRATIVE AREA,ADMINISTRATION,-35.37672,149.10504,ACT,2025-12-09,POINT (149.10504 -35.37672),gazetted
ACT_ACT000220,ACT000220,Fisher,LOCALITY,ADMINISTRATIVE AREA,ADMINISTRATION,-35.36124,149.05689,ACT,2025-12-09,POINT (149.05689 -35.36124),gazetted
ACT_ACT000227,ACT000227,Florey,LOCALITY,ADMINISTRATIVE AREA,ADMINISTRATION,-35.22579,149.05017,ACT,2025-12-09,POINT (149.05017 -35.22579),gazetted
ACT_ACT000228,ACT000228,Flynn,LOCALITY,ADMINISTRATIVE AREA,ADMINISTRATION,-35.20577,149.04414,ACT,2025-12-09,POINT (149.04414 -35.20577),gazetted
ACT_ACT000229,ACT000229,Forde,LOCALITY,ADMINISTRATIVE AREA,ADMINISTRATION,-35.16959,149.14452,ACT,2025-12-09,POINT (149.14452 -35.16959),gazetted
ACT_ACT000231,ACT000231,Forrest,LOCALITY,ADMINISTRATIVE AREA,ADMINISTRATION,-35.31722,149.12483,ACT,2025-12-09,POINT (149.12483 -35.31722),gazetted
ACT_ACT000233,ACT000233,Franklin,LOCALITY,ADMINISTRATIVE AREA,ADMINISTRATION,-35.20018,149.14413,ACT,2025-12-09,POINT (149.14413 -35.20018),gazetted
ACT_ACT000235,ACT000235,Fraser,LOCALITY,ADMINISTRATIVE AREA,ADMINISTRATION,-35.19183,149.04498,ACT,2025-12-09,POINT (149.04498 -35.19183),gazetted
ACT_ACT000239,ACT000239,Fyshwick,LOCALITY,ADMINISTRATIVE AREA,ADMINISTRATION,-35.32168,149.17085,ACT,2025-12-09,POINT (149.17085 -35.32168),gazetted
ACT_ACT000242,ACT000242,Garran,LOCALITY,ADMINISTRATIVE AREA,ADMINISTRATION,-35.34147,149.10847,ACT,2025-12-09,POINT (149.10847 -35.34147),gazetted
ACT_ACT000255,ACT000255,Gilmore,LOCALITY,ADMINISTRATIVE AREA,ADMINISTRATION,-35.41508,149.13824,ACT,2025-12-09,POINT (149.13824 -35.41508),gazetted
ACT_ACT000263,ACT000263,Giralang,LOCALITY,ADMINISTRATIVE AREA,ADMINISTRATION,-35.21088,149.09593,ACT,2025-12-09,POINT (149.09593 -35.21088),gazetted
ACT_ACT000278,ACT000278,Gordon,LOCALITY,ADMINISTRATIVE AREA,ADMINISTRATION,-35.45681,149.08496,ACT,2025-12-09,POINT (149.08496 -35.45681),gazetted
ACT_ACT000282,ACT000282,Gowrie,LOCALITY,ADMINISTRATIVE AREA,ADMINISTRATION,-35.41187,149.10904,ACT,2025-12-09,POINT (149.10904 -35.41187),gazetted
ACT_ACT000286,ACT000286,Greenway,LOCALITY,ADMINISTRATIVE AREA,ADMINISTRATION,-35.41586,149.06481,ACT,2025-12-09,POINT (149.06481 -35.41586),gazetted
ACT_ACT000289,ACT000289,Griffith,LOCALITY,ADMINISTRATIVE AREA,ADMINISTRATION,-35.32533,149.13714,ACT,2025-12-09,POINT (149.13714 -35.32533),gazetted
ACT_ACT000299,ACT000299,Gungahlin,LOCALITY,ADMINISTRATIVE AREA,ADMINISTRATION,-35.18473,149.13758,ACT,2025-12-09,POINT (149.13758 -35.18473),gazetted
ACT_ACT000303,ACT000303,Hackett,LOCALITY,ADMINISTRATIVE AREA,ADMINISTRATION,-35.24964,149.16348,ACT,2025-12-09,POINT (149.16348 -35.24964),gazetted
ACT_ACT000307,ACT000307,Hall,LOCALITY,ADMINISTRATIVE AREA,ADMINISTRATION,-35.17021,149.06679,ACT,2025-12-09,POINT (149.06679 -35.17021),gazetted
ACT_ACT000314,ACT000314,Harrison,LOCALITY,ADMINISTRATIVE AREA,ADMINISTRATION,-35.19654,149.15557,ACT,2025-12-09,POINT (149.15557 -35.19654),gazetted
ACT_ACT000315,ACT000315,Hawker,LOCALITY,ADMINISTRATIVE AREA,ADMINISTRATION,-35.24703,149.03667,ACT,2025-12-09,POINT (149.03667 -35.24703),gazetted
ACT_ACT000316,ACT000316,Higgins,LOCALITY,ADMINISTRATIVE AREA,ADMINISTRATION,-35.23241,149.02724,ACT,2025-12-09,POINT (149.02724 -35.23241),gazetted
ACT_ACT000320,ACT000320,Holder,LOCALITY,ADMINISTRATIVE AREA,ADMINISTRATION,-35.33437,149.04618,ACT,2025-12-09,POINT (149.04618 -35.33437),gazetted
ACT_ACT000321,ACT000321,Holt,LOCALITY,ADMINISTRATIVE AREA,ADMINISTRATION,-35.22441,149.01193,ACT,2025-12-09,POINT (149.01193 -35.22441),gazetted
ACT_ACT000326,ACT000326,Hughes,LOCALITY,ADMINISTRATIVE AREA,ADMINISTRATION,-35.33266,149.09486,ACT,2025-12-09,POINT (149.09486 -35.33266),gazetted
ACT_ACT000327,ACT000327,Hume,LOCALITY,ADMINISTRATIVE AREA,ADMINISTRATION,-35.38353,149.16651,ACT,2025-12-09,POINT (149.16651 -35.38353),gazetted
ACT_ACT000332,ACT000332,Isaacs,LOCALITY,ADMINISTRATIVE AREA,ADMINISTRATION,-35.36867,149.11558,ACT,2025-12-09,POINT (149.11558 -35.36867),gazetted
ACT_ACT000335,ACT000335,Isabella Plains,LOCALITY,ADMINISTRATIVE AREA,ADMINISTRATION,-35.42802,149.09395,ACT,2025-12-09,POINT (149.09395 -35.42802),gazetted
ACT_ACT000337,ACT000337,Jacka,LOCALITY,ADMINISTRATIVE AREA,ADMINISTRATION,-35.15,149.13,ACT,2025-12-09,POINT (149.13 -35.15),gazetted
ACT_ACT000345,ACT000345,Jervis Bay,LOCALITY,ADMINISTRATIVE AREA,ADMINISTRATION,-35.11967,150.73255,ACT,2025-12-09,POINT (150.73255 -35.11967),gazetted
ACT_ACT000349,ACT000349,Kaleen,LOCALITY,ADMINISTRATIVE AREA,ADMINISTRATION,-35.22774,149.10918,ACT,2025-12-09,POINT (149.10918 -35.22774),gazetted
ACT_ACT000350,ACT000350,Kambah,LOCALITY,ADMINISTRATIVE AREA,ADMINISTRATION,-35.38622,149.05794,ACT,2025-12-09,POINT (149.05794 -35.38622),gazetted
ACT_ACT000359,ACT000359,Kingston,LOCALITY,ADMINISTRATIVE AREA,ADMINISTRATION,-35.3156,149.14665,ACT,2025-12-09,POINT (149.14665 -35.3156),gazetted
ACT_ACT000373,ACT000373,Latham,LOCALITY,ADMINISTRATIVE AREA,ADMINISTRATION,-35.21639,149.03164,ACT,2025-12-09,POINT (149.03164 -35.21639),gazetted
ACT_ACT000376,ACT000376,Lawson,LOCALITY,ADMINISTRATIVE AREA,ADMINISTRATION,-35.225,149.08823,ACT,2025-12-09,POINT (149.08823 -35.225),gazetted
ACT_ACT000400,ACT000400,Lyneham,LOCALITY,ADMINISTRATIVE AREA,ADMINISTRATION,-35.23975,149.13068,ACT,2025-12-09,POINT (149.13068 -35.23975),gazetted
ACT_ACT000401,ACT000401,Lyons,LOCALITY,ADMINISTRATIVE AREA,ADMINISTRATION,-35.34056,149.07394,ACT,2025-12-09,POINT (149.07394 -35.34056),gazetted
ACT_ACT000402,ACT000402,Macarthur,LOCALITY,ADMINISTRATIVE AREA,ADMINISTRATION,-35.40517,149.1316,ACT,2025-12-09,POINT (149.1316 -35.40517),gazetted
ACT_ACT000403,ACT000403,Macgregor,LOCALITY,ADMINISTRATIVE AREA,ADMINISTRATION,-35.21112,149.0164,ACT,2025-12-09,POINT (149.0164 -35.21112),gazetted
ACT_ACT000404,ACT000404,Macquarie,LOCALITY,ADMINISTRATIVE AREA,ADMINISTRATION,-35.25112,149.06328,ACT,2025-12-09,POINT (149.06328 -35.25112),gazetted
ACT_ACT000415,ACT000415,Mawson,LOCALITY,ADMINISTRATIVE AREA,ADMINISTRATION,-35.36343,149.09881,ACT,2025-12-09,POINT (149.09881 -35.36343),gazetted
ACT_ACT000418,ACT000418,McKellar,LOCALITY,ADMINISTRATIVE AREA,ADMINISTRATION,-35.21749,149.07706,ACT,2025-12-09,POINT (149.07706 -35.21749),gazetted
ACT_ACT000421,ACT000421,Melba,LOCALITY,ADMINISTRATIVE AREA,ADMINISTRATION,-35.21008,149.05415,ACT,2025-12-09,POINT (149.05415 -35.21008),gazetted
ACT_ACT000425,ACT000425,Mitchell,LOCALITY,ADMINISTRATIVE AREA,ADMINISTRATION,-35.21686,149.13742,ACT,2025-12-09,POINT (149.13742 -35.21686),gazetted
ACT_ACT000431,ACT000431,Monash,LOCALITY,ADMINISTRATIVE AREA,ADMINISTRATION,-35.41576,149.09064,ACT,2025-12-09,POINT (149.09064 -35.41576),gazetted
ACT_ACT000432,ACT000432,Moncrieff,LOCALITY,ADMINISTRATIVE AREA,ADMINISTRATION,-35.15917,149.11667,ACT,2025-12-09,POINT (149.11667 -35.15917),gazetted
ACT_ACT000496,ACT000496,Narrabundah,LOCALITY,ADMINISTRATIVE AREA,ADMINISTRATION,-35.33561,149.14899,ACT,2025-12-09,POINT (149.14899 -35.33561),gazetted
ACT_ACT000507,ACT000507,Ngunnawal,LOCALITY,ADMINISTRATIVE AREA,ADMINISTRATION,-35.17301,149.11155,ACT,2025-12-09,POINT (149.11155 -35.17301),gazetted
ACT_ACT000509,ACT000509,Nicholls,LOCALITY,ADMINISTRATIVE AREA,ADMINISTRATION,-35.18716,149.09648,ACT,2025-12-09,POINT (149.09648 -35.18716),gazetted
ACT_ACT000522,ACT000522,Oaks Estate,LOCALITY,ADMINISTRATIVE AREA,ADMINISTRATION,-35.34006,149.22815,ACT,2025-12-09,POINT (149.22815 -35.34006),gazetted
ACT_ACT000523,ACT000523,O'Connor,LOCALITY,ADMINISTRATIVE AREA,ADMINISTRATION,-35.2566,149.11559,ACT,2025-12-09,POINT (149.11559 -35.2566),gazetted
ACT_ACT000525,ACT000525,O'Malley,LOCALITY,ADMINISTRATIVE AREA,ADMINISTRATION,-35.3526,149.11282,ACT,2025-12-09,POINT (149.11282 -35.3526),gazetted
ACT_ACT000534,ACT000534,Oxley,LOCALITY,ADMINISTRATIVE AREA,ADMINISTRATION,-35.40951,149.0786,ACT,2025-12-09,POINT (149.0786 -35.40951),gazetted
ACT_ACT000539,ACT000539,Page,LOCALITY,ADMINISTRATIVE AREA,ADMINISTRATION,-35.23855,149.04994,ACT,2025-12-09,POINT (149.04994 -35.23855),gazetted
ACT_ACT000540,ACT000540,Palmerston,LOCALITY,ADMINISTRATIVE AREA,ADMINISTRATION,-35.19446,149.11941,ACT,2025-12-09,POINT (149.11941 -35.19446),gazetted
ACT_ACT000541,ACT000541,Parkes,LOCALITY,ADMINISTRATIVE AREA,ADMINISTRATION,-35.29594,149.13501,ACT,2025-12-09,POINT (149.13501 -35.29594),gazetted
ACT_ACT000544,ACT000544,Pearce,LOCALITY,ADMINISTRATIVE AREA,ADMINISTRATION,-35.36217,149.08356,ACT,2025-12-09,POINT (149.08356 -35.36217),gazetted
ACT_ACT000547,ACT000547,Phillip,LOCALITY,ADMINISTRATIVE AREA,ADMINISTRATION,-35.34707,149.09092,ACT,2025-12-09,POINT (149.09092 -35.34707),gazetted
ACT_ACT000548,ACT000548,Pialligo,LOCALITY,ADMINISTRATIVE AREA,ADMINISTRATION,-35.31152,149.18697,ACT,2025-12-09,POINT (149.18697 -35.31152),gazetted
ACT_ACT000568,ACT000568,Red Hill,LOCALITY,ADMINISTRATIVE AREA,ADMINISTRATION,-35.33344,149.12056,ACT,2025-12-09,POINT (149.12056 -35.33344),gazetted
ACT_ACT000573,ACT000573,Reid,LOCALITY,ADMINISTRATIVE AREA,ADMINISTRATION,-35.2826,149.14118,ACT,2025-12-09,POINT (149.14118 -35.2826),gazetted
ACT_ACT000581,ACT000581,Richardson,LOCALITY,ADMINISTRATIVE AREA,ADMINISTRATION,-35.42791,149.11384,ACT,2025-12-09,POINT (149.11384 -35.42791),gazetted
ACT_ACT000584,ACT000584,Rivett,LOCALITY,ADMINISTRATIVE AREA,ADMINISTRATION,-35.34709,149.03792,ACT,2025-12-09,POINT (149.03792 -35.34709),gazetted
ACT_ACT000602,ACT000602,Russell,LOCALITY,ADMINISTRATIVE AREA,ADMINISTRATION,-35.29787,149.15007,ACT,2025-12-09,POINT (149.15007 -35.29787),gazetted
ACT_ACT000609,ACT000609,Scullin,LOCALITY,ADMINISTRATIVE AREA,ADMINISTRATION,-35.23454,149.03907,ACT,2025-12-09,POINT (149.03907 -35.23454),gazetted
ACT_ACT000630,ACT000630,Spence,LOCALITY,ADMINISTRATIVE AREA,ADMINISTRATION,-35.19874,149.06438,ACT,2025-12-09,POINT (149.06438 -35.19874),gazetted
ACT_ACT000639,ACT000639,Stirling,LOCALITY,ADMINISTRATIVE AREA,ADMINISTRATION,-35.34965,149.04933,ACT,2025-12-09,POINT (149.04933 -35.34965),gazetted
ACT_ACT000656,ACT000656,Symonston,LOCALITY,ADMINISTRATIVE AREA,ADMINISTRATION,-35.34882,149.16005,ACT,2025-12-09,POINT (149.16005 -35.34882),gazetted
ACT_ACT000667,ACT000667,Tharwa,LOCALITY,ADMINISTRATIVE AREA,ADMINISTRATION,-35.51082,149.06339,ACT,2025-12-09,POINT (149.06339 -35.51082),gazetted
ACT_ACT000676,ACT000676,Theodore,LOCALITY,ADMINISTRATIVE AREA,ADMINISTRATION,-35.44963,149.1197,ACT,2025-12-09,POINT (149.1197 -35.44963),gazetted
ACT_ACT000687,ACT000687,Torrens,LOCALITY,ADMINISTRATIVE AREA,ADMINISTRATION,-35.37201,149.08785,ACT,2025-12-09,POINT (149.08785 -35.37201),gazetted
ACT_ACT000695,ACT000695,Turner,LOCALITY,ADMINISTRATIVE AREA,ADMINISTRATION,-35.26888,149.12454,ACT,2025-12-09,POINT (149.12454 -35.26888),gazetted
ACT_ACT000705,ACT000705,Uriarra Village,LOCALITY,ADMINISTRATIVE AREA,ADMINISTRATION,-35.29591,148.92596,ACT,2025-12-09,POINT (148.92596 -35.29591),gazetted
ACT_ACT000713,ACT000713,Wanniassa,LOCALITY,ADMINISTRATIVE AREA,ADMINISTRATION,-35.39774,149.09079,ACT,2025-12-09,POINT (149.09079 -35.39774),gazetted
ACT_ACT000715,ACT000715,Waramanga,LOCALITY,ADMINISTRATIVE AREA,ADMINISTRATION,-35.3529,149.06213,ACT,2025-12-09,POINT (149.06213 -35.3529),gazetted
ACT_ACT000719,ACT000719,Watson,LOCALITY,ADMINISTRATIVE AREA,ADMINISTRATION,-35.23483,149.15941,ACT,2025-12-09,POINT (149.15941 -35.23483),gazetted
ACT_ACT000721,ACT000721,Weetangera,LOCALITY,ADMINISTRATIVE AREA,ADMINISTRATION,-35.25011,149.04974,ACT,2025-12-09,POINT (149.04974 -35.25011),gazetted
ACT_ACT000724,ACT000724,Weston,LOCALITY,ADMINISTRATIVE AREA,ADMINISTRATION,-35.336,149.05921,ACT,2025-12-09,POINT (149.05921 -35.336),gazetted
ACT_ACT000744,ACT000744,Wright,LOCALITY,ADMINISTRATIVE AREA,ADMINISTRATION,-35.32002,149.03387,ACT,2025-12-09,POINT (149.03387 -35.32002),gazetted
ACT_ACT000750,ACT000750,Yarralumla,LOCALITY,ADMINISTRATIVE AREA,ADMINISTRATION,-35.30254,149.09887,ACT,2025-12-09,POINT (149.09887 -35.30254),gazetted
ACT_ACT001059,ACT001059,Canberra Airport,LOCALITY,ADMINISTRATIVE AREA,ADMINISTRATION,-35.30374164,149.1943668,ACT,2025-12-09,POINT (149.194367 -35.303742),gazetted
ACT_ACT001060,ACT001060,Denman Prospect,LOCALITY,ADMINISTRATIVE AREA,ADMINISTRATION,-35.29999263,149.022953,ACT,2025-12-09,POINT (149.022953 -35.299993),gazetted
ACT_ACT001061,ACT001061,Macnamara,LOCALITY,ADMINISTRATIVE AREA,ADMINISTRATION,-35.21907414,148.9769717,ACT,2025-12-09,POINT (148.976972 -35.219074),gazetted
ACT_ACT001062,ACT001062,Strathnairn,LOCALITY,ADMINISTRATIVE AREA,ADMINISTRATION,-35.23271017,148.9861947,ACT,2025-12-09,POINT (148.986195 -35.23271),gazetted
ACT_ACT001063,ACT001063,Throsby,LOCALITY,ADMINISTRATIVE AREA,ADMINISTRATION,-35.18919515,149.1637067,ACT,2025-12-09,POINT (149.163707 -35.189195),gazetted
ACT_ACT001064,ACT001064,Whitlam,LOCALITY,ADMINISTRATIVE AREA,ADMINISTRATION,-35.27809787,149.0362669,ACT,2025-12-09,POINT (149.036267 -35.278098),gazetted
ACT_ACT001065,ACT001065,Kenny,LOCALITY,ADMINISTRATIVE AREA,ADMINISTRATION,-35.21555856,149.1658483,ACT,2025-12-09,POINT (149.165848 -35.215559),gazetted
ACT_ACT000047,ACT000047,Bimberi Peak,MOUNTAIN,LANDFORM,TERRAIN,-35.66511,148.78455,ACT,2025-12-09,POINT (148.78455 -35.66511),gazetted
ACT_ACT000053,ACT000053,Black Mountain,MOUNTAIN,LANDFORM,TERRAIN,-35.27361,149.09754,ACT,2025-12-09,POINT (149.09754 -35.27361),gazetted
ACT_ACT000057,ACT000057,Black Spring Mountain,MOUNTAIN,LANDFORM,TERRAIN,-35.3859,148.90502,ACT,2025-12-09,POINT (148.90502 -35.3859),gazetted
ACT_ACT000386,ACT000386,Little Bimberi,MOUNTAIN,LANDFORM,TERRAIN,-35.67608,148.80643,ACT,2025-12-09,POINT (148.80643 -35.67608),gazetted
ACT_ACT000392,ACT000392,Little Ginini Mountain,MOUNTAIN,LANDFORM,TERRAIN,-35.55592,148.7776,ACT,2025-12-09,POINT (148.7776 -35.55592),gazetted
ACT_ACT000416,ACT000416,McKeahnie,MOUNTAIN,LANDFORM,TERRAIN,-35.56511,148.86788,ACT,2025-12-09,POINT (148.86788 -35.56511),gazetted
ACT_ACT000436,ACT000436,Mount Aggie,MOUNTAIN,LANDFORM,TERRAIN,-35.46554,148.76735,ACT,2025-12-09,POINT (148.76735 -35.46554),gazetted
ACT_ACT000437,ACT000437,Mount Ainslie,MOUNTAIN,LANDFORM,TERRAIN,-35.26939,149.15897,ACT,2025-12-09,POINT (149.15897 -35.26939),gazetted
ACT_ACT000438,ACT000438,Mount Arawang ,MOUNTAIN,LANDFORM,TERRAIN,-35.36814,149.04597,ACT,2025-12-09,POINT (149.04597 -35.36814),gazetted
ACT_ACT000439,ACT000439,Mount Atkinson,MOUNTAIN,LANDFORM,TERRAIN,-35.33177,149.31787,ACT,2025-12-09,POINT (149.31787 -35.33177),gazetted
ACT_ACT000440,ACT000440,Mount Bimberi,MOUNTAIN,LANDFORM,TERRAIN,-35.65926,148.79056,ACT,2025-12-09,POINT (148.79056 -35.65926),gazetted
ACT_ACT000441,ACT000441,Mount Blundell,MOUNTAIN,LANDFORM,TERRAIN,-35.33918,148.83218,ACT,2025-12-09,POINT (148.83218 -35.33918),gazetted
ACT_ACT000442,ACT000442,Mount Boboyan,MOUNTAIN,LANDFORM,TERRAIN,-35.79901,148.98846,ACT,2025-12-09,POINT (148.98846 -35.79901),gazetted
ACT_ACT000443,ACT000443,Mount Burbidge,MOUNTAIN,LANDFORM,TERRAIN,-35.71226,148.89647,ACT,2025-12-09,POINT (148.89647 -35.71226),gazetted
ACT_ACT000445,ACT000445,Mount Clear,MOUNTAIN,LANDFORM,TERRAIN,-35.8761,149.06412,ACT,2025-12-09,POINT (149.06412 -35.8761),gazetted
ACT_ACT000446,ACT000446,Mount Cohen,MOUNTAIN,LANDFORM,TERRAIN,-35.29844,149.3512,ACT,2025-12-09,POINT (149.3512 -35.29844),gazetted
ACT_ACT000447,ACT000447,Mount Coree,MOUNTAIN,LANDFORM,TERRAIN,-35.30737,148.81044,ACT,2025-12-09,POINT (148.81044 -35.30737),gazetted
ACT_ACT000448,ACT000448,Mount Domain,MOUNTAIN,LANDFORM,TERRAIN,-35.47415,148.86923,ACT,2025-12-09,POINT (148.86923 -35.47415),gazetted
ACT_ACT000449,ACT000449,Mount Eliza,MOUNTAIN,LANDFORM,TERRAIN,-35.44913,148.94387,ACT,2025-12-09,POINT (148.94387 -35.44913),gazetted
ACT_ACT000450,ACT000450,Mount Franklin,MOUNTAIN,LANDFORM,TERRAIN,-35.48568,148.775,ACT,2025-12-09,POINT (148.775 -35.48568),gazetted
ACT_ACT000452,ACT000452,Mount Gingera,MOUNTAIN,LANDFORM,TERRAIN,-35.57643,148.77983,ACT,2025-12-09,POINT (148.77983 -35.57643),gazetted
ACT_ACT000453,ACT000453,Mount Ginini,MOUNTAIN,LANDFORM,TERRAIN,-35.52986,148.77245,ACT,2025-12-09,POINT (148.77245 -35.52986),gazetted
ACT_ACT000454,ACT000454,Mount Gudgenby,MOUNTAIN,LANDFORM,TERRAIN,-35.77141,148.91429,ACT,2025-12-09,POINT (148.91429 -35.77141),gazetted
ACT_ACT000455,ACT000455,Mount Kelly,MOUNTAIN,LANDFORM,TERRAIN,-35.71489,148.87772,ACT,2025-12-09,POINT (148.87772 -35.71489),gazetted
ACT_ACT000457,ACT000457,Mount Majura,MOUNTAIN,LANDFORM,TERRAIN,-35.23729,149.1822,ACT,2025-12-09,POINT (149.1822 -35.23729),gazetted
ACT_ACT000458,ACT000458,Mount McDonald,MOUNTAIN,LANDFORM,TERRAIN,-35.30712,148.9423,ACT,2025-12-09,POINT (148.9423 -35.30712),gazetted
ACT_ACT000459,ACT000459,Mount Mckeahnie,MOUNTAIN,LANDFORM,TERRAIN,-35.55524,148.87304,ACT,2025-12-09,POINT (148.87304 -35.55524),gazetted
ACT_ACT000460,ACT000460,Mount Mugga Mugga,MOUNTAIN,LANDFORM,TERRAIN,-35.34844,149.13454,ACT,2025-12-09,POINT (149.13454 -35.34844),gazetted
ACT_ACT000461,ACT000461,Mount Murray,MOUNTAIN,LANDFORM,TERRAIN,-35.68955,148.79201,ACT,2025-12-09,POINT (148.79201 -35.68955),gazetted
ACT_ACT000462,ACT000462,Mount Namadgi,MOUNTAIN,LANDFORM,TERRAIN,-35.69844,148.88455,ACT,2025-12-09,POINT (148.88455 -35.69844),gazetted
ACT_ACT000463,ACT000463,Mount Painter,MOUNTAIN,LANDFORM,TERRAIN,-35.26936,149.06393,ACT,2025-12-09,POINT (149.06393 -35.26936),gazetted
ACT_ACT000465,ACT000465,Mount Pleasant,MOUNTAIN,LANDFORM,TERRAIN,-35.29868,149.15806,ACT,2025-12-09,POINT (149.15806 -35.29868),gazetted
ACT_ACT000467,ACT000467,Mount Reedy,MOUNTAIN,LANDFORM,TERRAIN,-35.30693,149.25954,ACT,2025-12-09,POINT (149.25954 -35.30693),gazetted
ACT_ACT000468,ACT000468,Mount Rob Roy,MOUNTAIN,LANDFORM,TERRAIN,-35.49516,149.12867,ACT,2025-12-09,POINT (149.12867 -35.49516),gazetted
ACT_ACT000469,ACT000469,Mount Rogers,MOUNTAIN,LANDFORM,TERRAIN,-35.19844,149.05121,ACT,2025-12-09,POINT (149.05121 -35.19844),gazetted
ACT_ACT000471,ACT000471,Mount Scabby,MOUNTAIN,LANDFORM,TERRAIN,-35.76133,148.85749,ACT,2025-12-09,POINT (148.85749 -35.76133),gazetted
ACT_ACT000472,ACT000472,Mount Stromlo,MOUNTAIN,LANDFORM,TERRAIN,-35.31616,149.01047,ACT,2025-12-09,POINT (149.01047 -35.31616),gazetted
ACT_ACT000473,ACT000473,Mount Taylor,MOUNTAIN,LANDFORM,TERRAIN,-35.36511,149.06787,ACT,2025-12-09,POINT (149.06787 -35.36511),gazetted
ACT_ACT000474,ACT000474,Mount Tennent,MOUNTAIN,LANDFORM,TERRAIN,-35.55016,149.04461,ACT,2025-12-09,POINT (149.04461 -35.55016),gazetted
ACT_ACT000475,ACT000475,Mount Wanniassa,MOUNTAIN,LANDFORM,TERRAIN,-35.39114,149.11641,ACT,2025-12-09,POINT (149.11641 -35.39114),gazetted
ACT_ACT000476,ACT000476,Mount Yarara,MOUNTAIN,LANDFORM,TERRAIN,-35.69844,149.10121,ACT,2025-12-09,POINT (149.10121 -35.69844),gazetted
ACT_ACT000610,ACT000610,Sentry Box Mountain,MOUNTAIN,LANDFORM,TERRAIN,-35.83178,148.90122,ACT,2025-12-09,POINT (148.90122 -35.83178),gazetted
ACT_ACT000613,ACT000613,Shanahans Mountain,MOUNTAIN,LANDFORM,TERRAIN,-35.82847,149.02829,ACT,2025-12-09,POINT (149.02829 -35.82847),gazetted
ACT_ACT000670,ACT000670,The Pimple,MOUNTAIN,LANDFORM,TERRAIN,-35.43503,148.86703,ACT,2025-12-09,POINT (148.86703 -35.43503),gazetted
ACT_ACT000672,ACT000672,The Pyramid,MOUNTAIN,LANDFORM,TERRAIN,-35.47729,148.92831,ACT,2025-12-09,POINT (148.92831 -35.47729),gazetted
ACT_ACT000679,ACT000679,Tidbinbilla Mountain,MOUNTAIN,LANDFORM,TERRAIN,-35.44553,148.86767,ACT,2025-12-09,POINT (148.86767 -35.44553),gazetted
ACT_ACT000747,ACT000747,Yankee Hat,MOUNTAIN,LANDFORM,TERRAIN,-35.74659,148.94227,ACT,2025-12-09,POINT (148.94227 -35.74659),gazetted
ACT_ACT000762,ACT000762,Australian War Memorial ,MUSEUM,COMMUNITY FACILITY,CULTURE,-35.28048905,149.148693,ACT,2025-12-09,POINT (149.148693 -35.280489),gazetted
ACT_ACT000798,ACT000798,National Archives of Australia,MUSEUM,COMMUNITY FACILITY,CULTURE,-35.30480042,149.1309269,ACT,2025-12-09,POINT (149.130927 -35.3048),gazetted
ACT_ACT000799,ACT000799,"National Film and Sound Archive
and Sound Archive ",MUSEUM,COMMUNITY FACILITY,CULTURE,-35.2829788,149.1211435,ACT,2025-12-09,POINT (149.121144 -35.282979),gazetted
ACT_ACT000802,ACT000802,National Museum of Australia,MUSEUM,COMMUNITY FACILITY,CULTURE,-35.21361791,149.1436201,ACT,2025-12-09,POINT (149.14362 -35.213618),gazetted
ACT_ACT000808,ACT000808,Old Parliament House,MUSEUM,COMMUNITY FACILITY,CULTURE,-35.30216618,149.1298054,ACT,2025-12-09,POINT (149.129805 -35.302166),gazetted
ACT_ACT000495,ACT000495,Namadgi National Park,NATIONAL PARK,PROTECTED AREA,ADMINISTRATION,-35.52688,148.94621,ACT,2025-12-09,POINT (148.94621 -35.52688),gazetted
ACT_ACT000765,ACT000765,Blaxland Park,PARK,COMMUNITY FACILITY,CULTURE,-35.32685096,149.1425312,ACT,2025-12-09,POINT (149.142531 -35.326851),gazetted
ACT_ACT000767,ACT000767,Caroline Chisholm Park,PARK,COMMUNITY FACILITY,CULTURE,-35.4272078,149.1289831,ACT,2025-12-09,POINT (149.128983 -35.427208),gazetted
ACT_ACT000768,ACT000768,Constitution Place,PARK,COMMUNITY FACILITY,CULTURE,-35.30385855,149.1321926,ACT,2025-12-09,POINT (149.132193 -35.303859),gazetted
ACT_ACT000769,ACT000769,Crace Recreation Park,PARK,COMMUNITY FACILITY,CULTURE,-35.20060912,149.1017254,ACT,2025-12-09,POINT (149.101725 -35.200609),gazetted
ACT_ACT000773,ACT000773,Dawson Park,PARK,COMMUNITY FACILITY,CULTURE,-35.15499618,149.1118191,ACT,2025-12-09,POINT (149.111819 -35.154996),gazetted
ACT_ACT000774,ACT000774,Duncan Dunbar Reserve,PARK,COMMUNITY FACILITY,CULTURE,-35.19696756,149.1071902,ACT,2025-12-09,POINT (149.10719 -35.196968),gazetted
ACT_ACT000775,ACT000775,Ellen Clark Park,PARK,COMMUNITY FACILITY,CULTURE,-35.2441772,149.0478762,ACT,2025-12-09,POINT (149.047876 -35.244177),gazetted
ACT_ACT000782,ACT000782,Hassett Park,PARK,COMMUNITY FACILITY,CULTURE,-35.28955061,149.1444651,ACT,2025-12-09,POINT (149.144465 -35.289551),gazetted
ACT_ACT000783,ACT000783,Henry Rolland Park,PARK,COMMUNITY FACILITY,CULTURE,-35.29033833,149.1265969,ACT,2025-12-09,POINT (149.126597 -35.290338),gazetted
ACT_ACT000784,ACT000784,Hilltop Reserve,PARK,COMMUNITY FACILITY,CULTURE,-35.20175645,149.1105795,ACT,2025-12-09,POINT (149.11058 -35.201756),gazetted
ACT_ACT000785,ACT000785,Hillview Park,PARK,COMMUNITY FACILITY,CULTURE,-35.24212485,149.0418651,ACT,2025-12-09,POINT (149.041865 -35.242125),gazetted
ACT_ACT000786,ACT000786,Holt Community Park,PARK,COMMUNITY FACILITY,CULTURE,-35.22196641,149.0129521,ACT,2025-12-09,POINT (149.012952 -35.221966),gazetted
ACT_ACT000787,ACT000787,Jack Ross Park,PARK,COMMUNITY FACILITY,CULTURE,-35.31025541,149.1451311,ACT,2025-12-09,POINT (149.145131 -35.310255),gazetted
ACT_ACT000788,ACT000788,Joey Park,PARK,COMMUNITY FACILITY,CULTURE,-35.18816981,149.1613177,ACT,2025-12-09,POINT (149.161318 -35.18817),gazetted
ACT_ACT000791,ACT000791,Lady Nelson Park,PARK,COMMUNITY FACILITY,CULTURE,-35.34226272,149.1302654,ACT,2025-12-09,POINT (149.130265 -35.342263),gazetted
ACT_ACT000804,ACT000804,National Rock Garden,PARK,COMMUNITY FACILITY,CULTURE,-35.29155781,149.0804658,ACT,2025-12-09,POINT (149.080466 -35.291558),gazetted
ACT_ACT000805,ACT000805,Nina Farrer Park,PARK,COMMUNITY FACILITY,CULTURE,-35.42046632,149.0727563,ACT,2025-12-09,POINT (149.072756 -35.420466),gazetted
ACT_ACT000806,ACT000806,O'connor Ridge,PARK,COMMUNITY FACILITY,CULTURE,-35.24716323,149.1146913,ACT,2025-12-09,POINT (149.114691 -35.247163),gazetted
ACT_ACT000812,ACT000812,Pine Island Park,PARK,COMMUNITY FACILITY,CULTURE,-35.43146534,149.0713836,ACT,2025-12-09,POINT (149.071384 -35.431465),gazetted
ACT_ACT000814,ACT000814,Rosemary Dobson Park,PARK,COMMUNITY FACILITY,CULTURE,-35.31903046,149.1007255,ACT,2025-12-09,POINT (149.100726 -35.31903),gazetted
ACT_ACT000816,ACT000816,Royal Canberra Golf Course,PARK,COMMUNITY FACILITY,CULTURE,-35.30301057,149.0884918,ACT,2025-12-09,POINT (149.088492 -35.303011),gazetted
ACT_ACT000817,ACT000817,Southwell Park,PARK,COMMUNITY FACILITY,CULTURE,-35.24560675,149.1310897,ACT,2025-12-09,POINT (149.13109 -35.245607),gazetted
ACT_ACT000818,ACT000818,Speakers Square,PARK,COMMUNITY FACILITY,CULTURE,-35.2972675,149.1342427,ACT,2025-12-09,POINT (149.134243 -35.297268),gazetted
ACT_ACT000823,ACT000823,Valour Park,PARK,COMMUNITY FACILITY,CULTURE,-35.22364345,149.1713097,ACT,2025-12-09,POINT (149.17131 -35.223643),gazetted
ACT_ACT000824,ACT000824,Yunggaballi Park,PARK,COMMUNITY FACILITY,CULTURE,-35.1606433,149.1190891,ACT,2025-12-09,POINT (149.119089 -35.160643),gazetted
ACT_ACT000008,ACT000008,Anzac Park,PARK,COMMUNITY FACILITY,CULTURE,-35.28633,149.14449,ACT,2025-12-09,POINT (149.14449 -35.28633),gazetted
ACT_ACT000009,ACT000009,Arabanoo Park,PARK,COMMUNITY FACILITY,CULTURE,-35.34384,149.08939,ACT,2025-12-09,POINT (149.08939 -35.34384),gazetted
ACT_ACT000027,ACT000027,Beau And Jessi Park,PARK,COMMUNITY FACILITY,CULTURE,-35.47093,149.0969,ACT,2025-12-09,POINT (149.0969 -35.47093),gazetted
ACT_ACT000036,ACT000036,Betsy Gallagher Park,PARK,COMMUNITY FACILITY,CULTURE,-35.34488,149.08326,ACT,2025-12-09,POINT (149.08326 -35.34488),gazetted
ACT_ACT000040,ACT000040,Bill Kennedy Memorial Park,PARK,COMMUNITY FACILITY,CULTURE,-35.33714,149.04477,ACT,2025-12-09,POINT (149.04477 -35.33714),gazetted
ACT_ACT000041,ACT000041,Bill Pye Park,PARK,COMMUNITY FACILITY,CULTURE,-35.25756,149.14915,ACT,2025-12-09,POINT (149.14915 -35.25756),gazetted
ACT_ACT000084,ACT000084,Bowen Park,PARK,COMMUNITY FACILITY,CULTURE,-35.3093,149.14103,ACT,2025-12-09,POINT (149.14103 -35.3093),gazetted
ACT_ACT000113,ACT000113,Calvert Park,PARK,COMMUNITY FACILITY,CULTURE,-35.25389,149.15633,ACT,2025-12-09,POINT (149.15633 -35.25389),gazetted
ACT_ACT000121,ACT000121,Canberra Nara Peace Park,PARK,COMMUNITY FACILITY,CULTURE,-35.29836,149.12192,ACT,2025-12-09,POINT (149.12192 -35.29836),gazetted
ACT_ACT000126,ACT000126,Captain Cook Park,PARK,COMMUNITY FACILITY,CULTURE,-35.32334,149.13413,ACT,2025-12-09,POINT (149.13413 -35.32334),gazetted
ACT_ACT000144,ACT000144,Clarrie Hermes Park,PARK,COMMUNITY FACILITY,CULTURE,-35.33272,149.08777,ACT,2025-12-09,POINT (149.08777 -35.33272),gazetted
ACT_ACT000150,ACT000150,Collins Park,PARK,COMMUNITY FACILITY,CULTURE,-35.32046,149.12524,ACT,2025-12-09,POINT (149.12524 -35.32046),gazetted
ACT_ACT000151,ACT000151,Commonwealth Park,PARK,COMMUNITY FACILITY,CULTURE,-35.28995,149.13722,ACT,2025-12-09,POINT (149.13722 -35.28995),gazetted
ACT_ACT000165,ACT000165,Corroboree Park,PARK,COMMUNITY FACILITY,CULTURE,-35.26897,149.14202,ACT,2025-12-09,POINT (149.14202 -35.26897),gazetted
ACT_ACT000180,ACT000180,Crinigan Park,PARK,COMMUNITY FACILITY,CULTURE,-35.17101,149.11879,ACT,2025-12-09,POINT (149.11879 -35.17101),gazetted
ACT_ACT000205,ACT000205,Eddison Park,PARK,COMMUNITY FACILITY,CULTURE,-35.34047,149.09172,ACT,2025-12-09,POINT (149.09172 -35.34047),gazetted
ACT_ACT000243,ACT000243,George Cross Park,PARK,COMMUNITY FACILITY,CULTURE,-35.28576,149.15069,ACT,2025-12-09,POINT (149.15069 -35.28576),gazetted
ACT_ACT000244,ACT000244,George Kemp Park,PARK,COMMUNITY FACILITY,CULTURE,-35.20261,149.10543,ACT,2025-12-09,POINT (149.10543 -35.20261),gazetted
ACT_ACT000245,ACT000245,George Simpson Park,PARK,COMMUNITY FACILITY,CULTURE,-35.20788,149.0432,ACT,2025-12-09,POINT (149.0432 -35.20788),gazetted
ACT_ACT000254,ACT000254,Gillespie Park,PARK,COMMUNITY FACILITY,CULTURE,-35.34176,149.22745,ACT,2025-12-09,POINT (149.22745 -35.34176),gazetted
ACT_ACT000262,ACT000262,Ginninderra Park,PARK,COMMUNITY FACILITY,CULTURE,-35.18178,149.11787,ACT,2025-12-09,POINT (149.11787 -35.18178),gazetted
ACT_ACT000264,ACT000264,Girrawah Park,PARK,COMMUNITY FACILITY,CULTURE,-35.18141,149.11071,ACT,2025-12-09,POINT (149.11071 -35.18141),gazetted
ACT_ACT000266,ACT000266,Glebe Park,PARK,COMMUNITY FACILITY,CULTURE,-35.28227,149.13629,ACT,2025-12-09,POINT (149.13629 -35.28227),gazetted
ACT_ACT000272,ACT000272,Gold Creek Park,PARK,COMMUNITY FACILITY,CULTURE,-35.17186,149.10203,ACT,2025-12-09,POINT (149.10203 -35.17186),gazetted
ACT_ACT000279,ACT000279,Gordonvale Park,PARK,COMMUNITY FACILITY,CULTURE,-35.4655,149.08962,ACT,2025-12-09,POINT (149.08962 -35.4655),gazetted
ACT_ACT000288,ACT000288,Grevillea Park,PARK,COMMUNITY FACILITY,CULTURE,-35.30114,149.14826,ACT,2025-12-09,POINT (149.14826 -35.30114),gazetted
ACT_ACT000290,ACT000290,Gubur Dhaura,PARK,COMMUNITY FACILITY,CULTURE,-35.19086,149.14653,ACT,2025-12-09,POINT (149.14653 -35.19086),gazetted
ACT_ACT000304,ACT000304,Haig Park,PARK,COMMUNITY FACILITY,CULTURE,-35.27004,149.1329,ACT,2025-12-09,POINT (149.1329 -35.27004),gazetted
ACT_ACT000308,ACT000308,Hall Village Reserve,PARK,COMMUNITY FACILITY,CULTURE,-35.1688,149.06842,ACT,2025-12-09,POINT (149.06842 -35.1688),gazetted
ACT_ACT000311,ACT000311,Hannah Community Park,PARK,COMMUNITY FACILITY,CULTURE,-35.40839,149.1166,ACT,2025-12-09,POINT (149.1166 -35.40839),gazetted
ACT_ACT000322,ACT000322,Homestead Park,PARK,COMMUNITY FACILITY,CULTURE,-35.17308,149.10698,ACT,2025-12-09,POINT (149.10698 -35.17308),gazetted
ACT_ACT000341,ACT000341,Jandura Park,PARK,COMMUNITY FACILITY,CULTURE,-35.25819,149.12755,ACT,2025-12-09,POINT (149.12755 -35.25819),gazetted
ACT_ACT000346,ACT000346,John Knight Memorial Park,PARK,COMMUNITY FACILITY,CULTURE,-35.23646,149.07511,ACT,2025-12-09,POINT (149.07511 -35.23646),gazetted
ACT_ACT000348,ACT000348,Justice Robert Hope Park,PARK,COMMUNITY FACILITY,CULTURE,-35.23524,149.16367,ACT,2025-12-09,POINT (149.16367 -35.23524),gazetted
ACT_ACT000357,ACT000357,Kevin Godkin Park,PARK,COMMUNITY FACILITY,CULTURE,-35.20671,149.15073,ACT,2025-12-09,POINT (149.15073 -35.20671),gazetted
ACT_ACT000358,ACT000358,Kings Park,PARK,COMMUNITY FACILITY,CULTURE,-35.30043,149.14326,ACT,2025-12-09,POINT (149.14326 -35.30043),gazetted
ACT_ACT000374,ACT000374,Latin American Plaza,PARK,COMMUNITY FACILITY,CULTURE,-35.27711,149.12593,ACT,2025-12-09,POINT (149.12593 -35.27711),gazetted
ACT_ACT000375,ACT000375,Latrobe Park,PARK,COMMUNITY FACILITY,CULTURE,-35.31793,149.11197,ACT,2025-12-09,POINT (149.11197 -35.31793),gazetted
ACT_ACT000381,ACT000381,Legacy Park,PARK,COMMUNITY FACILITY,CULTURE,-35.28901,149.14948,ACT,2025-12-09,POINT (149.14948 -35.28901),gazetted
ACT_ACT000399,ACT000399,Lyall Gillespie Corridor,PARK,COMMUNITY FACILITY,CULTURE,-35.17209,149.14688,ACT,2025-12-09,POINT (149.14688 -35.17209),gazetted
ACT_ACT000411,ACT000411,Manuka Park,PARK,COMMUNITY FACILITY,CULTURE,-35.31834,149.13477,ACT,2025-12-09,POINT (149.13477 -35.31834),gazetted
ACT_ACT000412,ACT000412,Margaret Timpson Park,PARK,COMMUNITY FACILITY,CULTURE,-35.2381,149.06817,ACT,2025-12-09,POINT (149.06817 -35.2381),gazetted
ACT_ACT000481,ACT000481,Mullion Park,PARK,COMMUNITY FACILITY,CULTURE,-35.19879,149.15867,ACT,2025-12-09,POINT (149.15867 -35.19879),gazetted
ACT_ACT000497,ACT000497,Narrabundah Hall Park,PARK,COMMUNITY FACILITY,CULTURE,-35.33549,149.1592,ACT,2025-12-09,POINT (149.1592 -35.33549),gazetted
ACT_ACT000500,ACT000500,Navigators Park,PARK,COMMUNITY FACILITY,CULTURE,-35.34005,149.13211,ACT,2025-12-09,POINT (149.13211 -35.34005),gazetted
ACT_ACT000512,ACT000512,Norgrove Park,PARK,COMMUNITY FACILITY,CULTURE,-35.31532,149.14719,ACT,2025-12-09,POINT (149.14719 -35.31532),gazetted
ACT_ACT000542,ACT000542,Pat Rubly Park,PARK,COMMUNITY FACILITY,CULTURE,-35.26503,149.06915,ACT,2025-12-09,POINT (149.06915 -35.26503),gazetted
ACT_ACT000543,ACT000543,Peace Park,PARK,COMMUNITY FACILITY,CULTURE,-35.29844,149.13454,ACT,2025-12-09,POINT (149.13454 -35.29844),gazetted
ACT_ACT000566,ACT000566,Queen Anne Park,PARK,COMMUNITY FACILITY,CULTURE,-35.3258,149.08225,ACT,2025-12-09,POINT (149.08225 -35.3258),gazetted
ACT_ACT000574,ACT000574,Reid Park,PARK,COMMUNITY FACILITY,CULTURE,-35.28094,149.14524,ACT,2025-12-09,POINT (149.14524 -35.28094),gazetted
ACT_ACT000592,ACT000592,Rocky Knob Park,PARK,COMMUNITY FACILITY,CULTURE,-35.33625,149.13918,ACT,2025-12-09,POINT (149.13918 -35.33625),gazetted
ACT_ACT000595,ACT000595,Rosalie Gascoigne Park,PARK,COMMUNITY FACILITY,CULTURE,-35.36341,149.0765,ACT,2025-12-09,POINT (149.0765 -35.36341),gazetted
ACT_ACT000600,ACT000600,RSL Park,PARK,COMMUNITY FACILITY,CULTURE,-35.29177,149.14749,ACT,2025-12-09,POINT (149.14749 -35.29177),gazetted
ACT_ACT000601,ACT000601,Rugby League Park,PARK,COMMUNITY FACILITY,CULTURE,-35.27489,149.13521,ACT,2025-12-09,POINT (149.13521 -35.27489),gazetted
ACT_ACT000640,ACT000640,Stirling Park,PARK,COMMUNITY FACILITY,CULTURE,-35.29867,149.10777,ACT,2025-12-09,POINT (149.10777 -35.29867),gazetted
ACT_ACT000665,ACT000665,Telopea Park,PARK,COMMUNITY FACILITY,CULTURE,-35.31306,149.13917,ACT,2025-12-09,POINT (149.13917 -35.31306),gazetted
ACT_ACT000668,ACT000668,The Boslem And Harte Park,PARK,COMMUNITY FACILITY,CULTURE,-35.20345,149.03423,ACT,2025-12-09,POINT (149.03423 -35.20345),gazetted
ACT_ACT000688,ACT000688,Trevor Kaine Community Park,PARK,COMMUNITY FACILITY,CULTURE,-35.42642,149.07169,ACT,2025-12-09,POINT (149.07169 -35.42642),gazetted
ACT_ACT000693,ACT000693,Tuggeranong Town Park,PARK,COMMUNITY FACILITY,CULTURE,-35.41147,149.06514,ACT,2025-12-09,POINT (149.06514 -35.41147),gazetted
ACT_ACT000696,ACT000696,Tyagarah Park,PARK,COMMUNITY FACILITY,CULTURE,-35.35009,149.10541,ACT,2025-12-09,POINT (149.10541 -35.35009),gazetted
ACT_ACT000708,ACT000708,Veterans Park,PARK,COMMUNITY FACILITY,CULTURE,-35.2769,149.13021,ACT,2025-12-09,POINT (149.13021 -35.2769),gazetted
ACT_ACT000709,ACT000709,Victoria Cross Park,PARK,COMMUNITY FACILITY,CULTURE,-35.28467,149.15611,ACT,2025-12-09,POINT (149.15611 -35.28467),gazetted
ACT_ACT000711,ACT000711,Violets Park,PARK,COMMUNITY FACILITY,CULTURE,-35.17618,149.11045,ACT,2025-12-09,POINT (149.11045 -35.17618),gazetted
ACT_ACT000712,ACT000712,Voyager Park,PARK,COMMUNITY FACILITY,CULTURE,-35.33847,149.1346,ACT,2025-12-09,POINT (149.1346 -35.33847),gazetted
ACT_ACT000727,ACT000727,Weston Park,PARK,COMMUNITY FACILITY,CULTURE,-35.2915,149.09074,ACT,2025-12-09,POINT (149.09074 -35.2915),gazetted
ACT_ACT000731,ACT000731,Willem Janszoon Commemorative Park,PARK,COMMUNITY FACILITY,CULTURE,-35.33063,149.13003,ACT,2025-12-09,POINT (149.13003 -35.33063),gazetted
ACT_ACT000736,ACT000736,Woden Town Park,PARK,COMMUNITY FACILITY,CULTURE,-35.34436,149.08859,ACT,2025-12-09,POINT (149.08859 -35.34436),gazetted
ACT_ACT000758,ACT000758,York Park,PARK,COMMUNITY FACILITY,CULTURE,-35.30753,149.13075,ACT,2025-12-09,POINT (149.13075 -35.30753),gazetted
ACT_ACT000759,ACT000759,Yurwang Dhaura,PARK,COMMUNITY FACILITY,CULTURE,-35.20211,149.09971,ACT,2025-12-09,POINT (149.09971 -35.20211),gazetted
ACT_ACT000761,ACT000761,Argus Park,PARK,COMMUNITY FACILITY,CULTURE,-35.32388825,149.0328802,ACT,2025-12-09,POINT (149.03288 -35.323888),gazetted
ACT_ACT000771,ACT000771,Cuthbert Whitley Park,PARK,COMMUNITY FACILITY,CULTURE,-35.15116704,149.1083939,ACT,2025-12-09,POINT (149.108394 -35.151167),gazetted
ACT_ACT000778,ACT000778,Gene Willsford Park,PARK,COMMUNITY FACILITY,CULTURE,-35.15055188,149.10171,ACT,2025-12-09,POINT (149.10171 -35.150552),gazetted
ACT_ACT000779,ACT000779,Glasswing Park,PARK,COMMUNITY FACILITY,CULTURE,-35.31140639,149.0282653,ACT,2025-12-09,POINT (149.028265 -35.311406),gazetted
ACT_ACT000789,ACT000789,Judy Harris Park,PARK,COMMUNITY FACILITY,CULTURE,-35.31313458,149.0332273,ACT,2025-12-09,POINT (149.033227 -35.313135),gazetted
ACT_ACT000797,ACT000797,Namarag,PARK,COMMUNITY FACILITY,CULTURE,-35.28368254,149.0296307,ACT,2025-12-09,POINT (149.029631 -35.283683),gazetted
ACT_ACT000810,ACT000810,Paddys Park,PARK,COMMUNITY FACILITY,CULTURE,-35.22774762,148.9939436,ACT,2025-12-09,POINT (148.993944 -35.227748),gazetted
ACT_ACT000821,ACT000821,Throsby Park ,PARK,COMMUNITY FACILITY,CULTURE,-35.32795369,149.1435525,ACT,2025-12-09,POINT (149.143552 -35.327954),gazetted
ACT_ACT000822,ACT000822,Umbagong District Park - Latham,PARK,COMMUNITY FACILITY,CULTURE,-35.21391987,149.024268,ACT,2025-12-09,POINT (149.024268 -35.21392),gazetted
ACT_ACT000046,ACT000046,Bimberi Gap,PASS,LANDFORM,TERRAIN,-35.65549,148.77788,ACT,2025-12-09,POINT (148.77788 -35.65549),gazetted
ACT_ACT000059,ACT000059,Blackfellows Gap,PASS,LANDFORM,TERRAIN,-35.59591,148.782,ACT,2025-12-09,POINT (148.782 -35.59591),gazetted
ACT_ACT000072,ACT000072,Bogong Gap,PASS,LANDFORM,TERRAIN,-35.7172,148.89258,ACT,2025-12-09,POINT (148.89258 -35.7172),gazetted
ACT_ACT000169,ACT000169,Cotter Gap,PASS,LANDFORM,TERRAIN,-35.61536,148.88031,ACT,2025-12-09,POINT (148.88031 -35.61536),gazetted
ACT_ACT000187,ACT000187,Dead Horse Gap,PASS,LANDFORM,TERRAIN,-35.64331,148.77241,ACT,2025-12-09,POINT (148.77241 -35.64331),gazetted
ACT_ACT000193,ACT000193,Devils Gap,PASS,LANDFORM,TERRAIN,-35.46787,148.93648,ACT,2025-12-09,POINT (148.93648 -35.46787),gazetted
ACT_ACT000221,ACT000221,Fishing Gap,PASS,LANDFORM,TERRAIN,-35.48933,148.87321,ACT,2025-12-09,POINT (148.87321 -35.48933),gazetted
ACT_ACT000384,ACT000384,Leura Gap,PASS,LANDFORM,TERRAIN,-35.63303,148.78129,ACT,2025-12-09,POINT (148.78129 -35.63303),gazetted
ACT_ACT000388,ACT000388,Little Bimberi Gap,PASS,LANDFORM,TERRAIN,-35.67207,148.80473,ACT,2025-12-09,POINT (148.80473 -35.67207),gazetted
ACT_ACT000485,ACT000485,Murrays Gap,PASS,LANDFORM,TERRAIN,-35.68236,148.79761,ACT,2025-12-09,POINT (148.79761 -35.68236),gazetted
ACT_ACT000594,ACT000594,Rolling Ground Gap,PASS,LANDFORM,TERRAIN,-35.61292,148.77876,ACT,2025-12-09,POINT (148.77876 -35.61292),gazetted
ACT_ACT000620,ACT000620,Smokers Gap,PASS,LANDFORM,TERRAIN,-35.52059,148.90683,ACT,2025-12-09,POINT (148.90683 -35.52059),gazetted
ACT_ACT000636,ACT000636,Stantons Gap,PASS,LANDFORM,TERRAIN,-35.48178,148.91788,ACT,2025-12-09,POINT (148.91788 -35.48178),gazetted
ACT_ACT000643,ACT000643,Stockyard Gap,PASS,LANDFORM,TERRAIN,-35.5476,148.77273,ACT,2025-12-09,POINT (148.77273 -35.5476),gazetted
ACT_ACT000748,ACT000748,Yaouk Gap,PASS,LANDFORM,TERRAIN,-35.71961,148.82183,ACT,2025-12-09,POINT (148.82183 -35.71961),gazetted
ACT_ACT000164,ACT000164,Coronet Peak,PEAK,LANDFORM,TERRAIN,-35.65194,148.85375,ACT,2025-12-09,POINT (148.85375 -35.65194),gazetted
ACT_ACT000251,ACT000251,Gibraltar Peak,PEAK,LANDFORM,TERRAIN,-35.45878,148.94801,ACT,2025-12-09,POINT (148.94801 -35.45878),gazetted
ACT_ACT000347,ACT000347,Johns Peak,PEAK,LANDFORM,TERRAIN,-35.43255,148.88778,ACT,2025-12-09,POINT (148.88778 -35.43255),gazetted
ACT_ACT000611,ACT000611,Sentry Box Rock,PEAK,LANDFORM,TERRAIN,-35.8179,148.89753,ACT,2025-12-09,POINT (148.89753 -35.8179),gazetted
ACT_ACT000681,ACT000681,Tidbinbilla Peak,PEAK,LANDFORM,TERRAIN,-35.43635,148.88051,ACT,2025-12-09,POINT (148.88051 -35.43635),gazetted
ACT_ACT000003,ACT000003,Acton Peninsula,PENINSULA,LANDFORM,TERRAIN,-35.2934,149.11903,ACT,2025-12-09,POINT (149.11903 -35.2934),gazetted
ACT_ACT000017,ACT000017,Attunga Point,PENINSULA,LANDFORM,TERRAIN,-35.29762,149.11401,ACT,2025-12-09,POINT (149.11401 -35.29762),gazetted
ACT_ACT000054,ACT000054,Black Mountain Peninsula,PENINSULA,LANDFORM,TERRAIN,-35.29166,149.10061,ACT,2025-12-09,POINT (149.10061 -35.29166),gazetted
ACT_ACT000062,ACT000062,Blue Gum Point,PENINSULA,LANDFORM,TERRAIN,-35.29605,149.10664,ACT,2025-12-09,POINT (149.10664 -35.29605),gazetted
ACT_ACT000484,ACT000484,Murrays Corner,PICNIC SITE,COMMUNITY FACILITY,CULTURE,-35.36666,148.95186,ACT,2025-12-09,POINT (148.95186 -35.36666),gazetted
ACT_ACT000499,ACT000499,National Library Jetty,PIER,WATER,TRANSPORT,-35.29542,149.13258,ACT,2025-12-09,POINT (149.13258 -35.29542),gazetted
ACT_ACT000572,ACT000572,Regatta Point Jetty,PIER,WATER,TRANSPORT,-35.29067,149.13333,ACT,2025-12-09,POINT (149.13333 -35.29067),gazetted
ACT_ACT000039,ACT000039,Big Creamy Flats,PLAIN,LANDFORM,TERRAIN,-35.6842,148.89243,ACT,2025-12-09,POINT (148.89243 -35.6842),gazetted
ACT_ACT000056,ACT000056,Black Sallee Flat,PLAIN,LANDFORM,TERRAIN,-35.6281,148.82328,ACT,2025-12-09,POINT (148.82328 -35.6281),gazetted
ACT_ACT000065,ACT000065,Blundells Flat,PLAIN,LANDFORM,TERRAIN,-35.31552,148.83421,ACT,2025-12-09,POINT (148.83421 -35.31552),gazetted
ACT_ACT000088,ACT000088,Brandy Flat,PLAIN,LANDFORM,TERRAIN,-35.71467,149.02026,ACT,2025-12-09,POINT (149.02026 -35.71467),gazetted
ACT_ACT000099,ACT000099,Bullock Head Flats,PLAIN,LANDFORM,TERRAIN,-35.37825,148.8642,ACT,2025-12-09,POINT (148.8642 -35.37825),gazetted
ACT_ACT000108,ACT000108,Bushfold Flats,PLAIN,LANDFORM,TERRAIN,-35.55319,149.02482,ACT,2025-12-09,POINT (149.02482 -35.55319),gazetted
ACT_ACT000138,ACT000138,Cheyenne Flats,PLAIN,LANDFORM,TERRAIN,-35.53482,148.77626,ACT,2025-12-09,POINT (148.77626 -35.53482),gazetted
ACT_ACT000168,ACT000168,Cotter Flats,PLAIN,LANDFORM,TERRAIN,-35.64412,148.83183,ACT,2025-12-09,POINT (148.83183 -35.64412),gazetted
ACT_ACT000175,ACT000175,Cow Flats,PLAIN,LANDFORM,TERRAIN,-35.43736,148.82951,ACT,2025-12-09,POINT (148.82951 -35.43736),gazetted
ACT_ACT000206,ACT000206,Eighty Acres,PLAIN,LANDFORM,TERRAIN,-35.60572,148.86779,ACT,2025-12-09,POINT (148.86779 -35.60572),gazetted
ACT_ACT000209,ACT000209,Emu Flat,PLAIN,LANDFORM,TERRAIN,-35.55747,148.93368,ACT,2025-12-09,POINT (148.93368 -35.55747),gazetted
ACT_ACT000236,ACT000236,Freddys Flat,PLAIN,LANDFORM,TERRAIN,-35.61105,148.82147,ACT,2025-12-09,POINT (148.82147 -35.61105),gazetted
ACT_ACT000240,ACT000240,Gallipoli Flats,PLAIN,LANDFORM,TERRAIN,-35.58771,148.81534,ACT,2025-12-09,POINT (148.81534 -35.58771),gazetted
ACT_ACT000260,ACT000260,Ginini Flats,PLAIN,LANDFORM,TERRAIN,-35.51898,148.7776,ACT,2025-12-09,POINT (148.7776 -35.51898),gazetted
ACT_ACT000310,ACT000310,Hanging Flat,PLAIN,LANDFORM,TERRAIN,-35.57249,148.80324,ACT,2025-12-09,POINT (148.80324 -35.57249),gazetted
ACT_ACT000334,ACT000334,Isabella Plains,PLAIN,LANDFORM,TERRAIN,-35.41511,149.10121,ACT,2025-12-09,POINT (149.10121 -35.41511),gazetted
ACT_ACT000354,ACT000354,Kangaroo Flats,PLAIN,LANDFORM,TERRAIN,-35.51172,148.89354,ACT,2025-12-09,POINT (148.89354 -35.51172),gazetted
ACT_ACT000390,ACT000390,Little Creamy Flats,PLAIN,LANDFORM,TERRAIN,-35.66749,148.8747,ACT,2025-12-09,POINT (148.8747 -35.66749),gazetted
ACT_ACT000396,ACT000396,Long Flat,PLAIN,LANDFORM,TERRAIN,-35.91511,149.05122,ACT,2025-12-09,POINT (149.05122 -35.91511),gazetted
ACT_ACT000434,ACT000434,Morass Flats,PLAIN,LANDFORM,TERRAIN,-35.53081,148.79017,ACT,2025-12-09,POINT (148.79017 -35.53081),gazetted
ACT_ACT000451,ACT000451,Mount Franklin Flats,PLAIN,LANDFORM,TERRAIN,-35.46511,148.78455,ACT,2025-12-09,POINT (148.78455 -35.46511),gazetted
ACT_ACT000478,ACT000478,Mt Clear Camping Ground,PLAIN,LANDFORM,TERRAIN,-35.86511,149.01788,ACT,2025-12-09,POINT (149.01788 -35.86511),gazetted
ACT_ACT000480,ACT000480,Mulligans Flat,PLAIN,LANDFORM,TERRAIN,-35.16511,149.16787,ACT,2025-12-09,POINT (149.16787 -35.16511),gazetted
ACT_ACT000559,ACT000559,Pond Creek Flats,PLAIN,LANDFORM,TERRAIN,-35.63117,148.85136,ACT,2025-12-09,POINT (148.85136 -35.63117),gazetted
ACT_ACT000587,ACT000587,Rock Flats,PLAIN,LANDFORM,TERRAIN,-35.64024,148.87686,ACT,2025-12-09,POINT (148.87686 -35.64024),gazetted
ACT_ACT000593,ACT000593,Rolleys Flats,PLAIN,LANDFORM,TERRAIN,-35.69544,148.83641,ACT,2025-12-09,POINT (148.83641 -35.69544),gazetted
ACT_ACT000614,ACT000614,Shannons Flat,PLAIN,LANDFORM,TERRAIN,-35.30904,148.85304,ACT,2025-12-09,POINT (148.85304 -35.30904),gazetted
ACT_ACT000619,ACT000619,Smokers Flat,PLAIN,LANDFORM,TERRAIN,-35.5193,148.91405,ACT,2025-12-09,POINT (148.91405 -35.5193),gazetted
ACT_ACT000621,ACT000621,Smokers Yards,PLAIN,LANDFORM,TERRAIN,-35.79844,148.91788,ACT,2025-12-09,POINT (148.91788 -35.79844),gazetted
ACT_ACT000625,ACT000625,Snowy Flats,PLAIN,LANDFORM,TERRAIN,-35.56109,148.78476,ACT,2025-12-09,POINT (148.78476 -35.56109),gazetted
ACT_ACT000655,ACT000655,Swampy Plain,PLAIN,LANDFORM,TERRAIN,-35.75653,148.96425,ACT,2025-12-09,POINT (148.96425 -35.75653),gazetted
ACT_ACT000685,ACT000685,Top Flats,PLAIN,LANDFORM,TERRAIN,-35.73178,148.85122,ACT,2025-12-09,POINT (148.85122 -35.73178),gazetted
ACT_ACT000698,ACT000698,Upper Cotter Flats,PLAIN,LANDFORM,TERRAIN,-35.67742,148.83704,ACT,2025-12-09,POINT (148.83704 -35.67742),gazetted
ACT_ACT000729,ACT000729,White Horse Flat,PLAIN,LANDFORM,TERRAIN,-35.50539,148.95907,ACT,2025-12-09,POINT (148.95907 -35.50539),gazetted
ACT_ACT000776,ACT000776,Fairbairn Pine Forest,PLANTATION,AGRICULTURE,CULTURE,-35.31543899,149.2177746,ACT,2025-12-09,POINT (149.217775 -35.315439),gazetted
ACT_ACT000793,ACT000793,Lindsay Pryor Arboretum,PLANTATION,AGRICULTURE,CULTURE,-35.29451661,149.080961,ACT,2025-12-09,POINT (149.080961 -35.294517),gazetted
ACT_ACT000213,ACT000213,Fadden Pines,PLANTATION,AGRICULTURE,CULTURE,-35.41511,149.11787,ACT,2025-12-09,POINT (149.11787 -35.41511),gazetted
ACT_ACT000249,ACT000249,Gibraltar Creek Pine Forest,PLANTATION,AGRICULTURE,CULTURE,-35.49666,148.94021,ACT,2025-12-09,POINT (148.94021 -35.49666),gazetted
ACT_ACT000351,ACT000351,Kambah Lane Pine Forest,PLANTATION,AGRICULTURE,CULTURE,-35.41511,149.11787,ACT,2025-12-09,POINT (149.11787 -35.41511),gazetted
ACT_ACT000362,ACT000362,Kowen Pine Forest,PLANTATION,AGRICULTURE,CULTURE,-35.31124,149.27341,ACT,2025-12-09,POINT (149.27341 -35.31124),gazetted
ACT_ACT000682,ACT000682,Tidbinbilla Pine Forest,PLANTATION,AGRICULTURE,CULTURE,-35.43648,148.91234,ACT,2025-12-09,POINT (148.91234 -35.43648),gazetted
ACT_ACT000692,ACT000692,Tuggeranong Pine Forest,PLANTATION,AGRICULTURE,CULTURE,-35.43178,149.13454,ACT,2025-12-09,POINT (149.13454 -35.43178),gazetted
ACT_ACT000091,ACT000091,Bristol Point,POINT,LANDFORM,TERRAIN,-35.13333,150.73333,ACT,2025-12-09,POINT (150.73333 -35.13333),gazetted
ACT_ACT000127,ACT000127,Captains Point,POINT,LANDFORM,TERRAIN,-35.12175,150.70929,ACT,2025-12-09,POINT (150.70929 -35.12175),gazetted
ACT_ACT000281,ACT000281,Governor Head,POINT,LANDFORM,TERRAIN,-35.12451,150.76471,ACT,2025-12-09,POINT (150.76471 -35.12451),gazetted
ACT_ACT000363,ACT000363,Kurrajong Point,POINT,LANDFORM,TERRAIN,-35.28733,149.09572,ACT,2025-12-09,POINT (149.09572 -35.28733),gazetted
ACT_ACT000617,ACT000617,Shelleys Point,POINT,LANDFORM,TERRAIN,-35.17629,150.68968,ACT,2025-12-09,POINT (150.68968 -35.17629),gazetted
ACT_ACT000626,ACT000626,Soroptimist Point,POINT,LANDFORM,TERRAIN,-35.1761,149.13345,ACT,2025-12-09,POINT (149.13345 -35.1761),gazetted
ACT_ACT000635,ACT000635,St Georges Head,POINT,LANDFORM,TERRAIN,-35.19601,150.69978,ACT,2025-12-09,POINT (150.69978 -35.19601),gazetted
ACT_ACT000825,ACT000825,ACT Water Police,POLICE STATION,EMERGENCY,SOCIETY,-35.29883441,149.0997541,ACT,2025-12-09,POINT (149.099754 -35.298834),gazetted
ACT_ACT000826,ACT000826,AFP Headquarters,POLICE STATION,EMERGENCY,SOCIETY,-35.30476732,149.1355601,ACT,2025-12-09,POINT (149.13556 -35.304767),gazetted
ACT_ACT000836,ACT000836,Australian Federal Police College,POLICE STATION,EMERGENCY,SOCIETY,-35.30993897,149.137604,ACT,2025-12-09,POINT (149.137604 -35.309939),gazetted
ACT_ACT000838,ACT000838,Belconnen Police Station,POLICE STATION,EMERGENCY,SOCIETY,-35.24418176,149.066833,ACT,2025-12-09,POINT (149.066833 -35.244182),gazetted
ACT_ACT000874,ACT000874,City Police Station,POLICE STATION,EMERGENCY,SOCIETY,-35.28088699,149.126224,ACT,2025-12-09,POINT (149.126224 -35.280887),gazetted
ACT_ACT000922,ACT000922,Gungahlin Police Station,POLICE STATION,EMERGENCY,SOCIETY,-35.18287979,149.1326157,ACT,2025-12-09,POINT (149.132616 -35.18288),gazetted
ACT_ACT000995,ACT000995,Police Security Compound,POLICE STATION,EMERGENCY,SOCIETY,-35.32801397,149.175034,ACT,2025-12-09,POINT (149.175034 -35.328014),gazetted
ACT_ACT000996,ACT000996,Police Services Centre,POLICE STATION,EMERGENCY,SOCIETY,-35.32869103,149.056006,ACT,2025-12-09,POINT (149.056006 -35.328691),gazetted
ACT_ACT001042,ACT001042,Tuggeranong Police Station,POLICE STATION,EMERGENCY,SOCIETY,-35.41851004,149.070081,ACT,2025-12-09,POINT (149.070081 -35.41851),gazetted
ACT_ACT001056,ACT001056,Woden Police Station,POLICE STATION,EMERGENCY,SOCIETY,-35.34534142,149.0886605,ACT,2025-12-09,POINT (149.08866 -35.345341),gazetted
ACT_ACT000118,ACT000118,Canberra,POPULATION CENTRE,POPULATED PLACE,ADMINISTRATION,-35.29844,149.13454,ACT,2025-12-09,POINT (149.13454 -35.29844),gazetted
ACT_ACT000514,ACT000514,North Canberra,POPULATION CENTRE,POPULATED PLACE,ADMINISTRATION,-35.26511,149.1512,ACT,2025-12-09,POINT (149.1512 -35.26511),gazetted
ACT_ACT000628,ACT000628,South Canberra,POPULATION CENTRE,POPULATED PLACE,ADMINISTRATION,-35.33178,149.13454,ACT,2025-12-09,POINT (149.13454 -35.33178),gazetted
ACT_ACT000732,ACT000732,Williamsdale,POPULATION CENTRE,POPULATED PLACE,ADMINISTRATION,-35.57059,149.1349,ACT,2025-12-09,POINT (149.1349 -35.57059),gazetted
ACT_ACT000743,ACT000743,Wreck Bay Aboriginal Land,POPULATION CENTRE,POPULATED PLACE,ADMINISTRATION,-35.16274,150.69065,ACT,2025-12-09,POINT (150.69065 -35.16274),gazetted
ACT_ACT000839,ACT000839,Black Mountain School,PRIMARY AND SECONDARY SCHOOL,EDUCATION,SOCIETY,-35.26464259,149.1123359,ACT,2025-12-09,POINT (149.112336 -35.264643),gazetted
ACT_ACT000846,ACT000846,Burgmann Anglican School Valley Campus,PRIMARY AND SECONDARY SCHOOL,EDUCATION,SOCIETY,-35.18826442,149.123184,ACT,2025-12-09,POINT (149.123184 -35.188264),gazetted
ACT_ACT000861,ACT000861,Canberra Montessori School ,PRIMARY AND SECONDARY SCHOOL,EDUCATION,SOCIETY,-35.33200236,149.0506703,ACT,2025-12-09,POINT (149.05067 -35.332002),gazetted
ACT_ACT000877,ACT000877,Covenant Christian School,PRIMARY AND SECONDARY SCHOOL,EDUCATION,SOCIETY,-35.44022058,149.0896661,ACT,2025-12-09,POINT (149.089666 -35.440221),gazetted
ACT_ACT000888,ACT000888,Emmaus Christian School,PRIMARY AND SECONDARY SCHOOL,EDUCATION,SOCIETY,-35.25350259,149.143027,ACT,2025-12-09,POINT (149.143027 -35.253503),gazetted
ACT_ACT000937,ACT000937,Islamic School of Canberra,PRIMARY AND SECONDARY SCHOOL,EDUCATION,SOCIETY,-35.32996028,149.0592406,ACT,2025-12-09,POINT (149.059241 -35.32996),gazetted
ACT_ACT000991,ACT000991,Orana Steiner School,PRIMARY AND SECONDARY SCHOOL,EDUCATION,SOCIETY,-35.32618573,149.0578743,ACT,2025-12-09,POINT (149.057874 -35.326186),gazetted
ACT_ACT001041,ACT001041,Trinity Christian School,PRIMARY AND SECONDARY SCHOOL,EDUCATION,SOCIETY,-35.4079376,149.0865314,ACT,2025-12-09,POINT (149.086531 -35.407938),gazetted
ACT_ACT000828,ACT000828,Ainslie School,PRIMARY SCHOOL,EDUCATION,SOCIETY,-35.27367417,149.1397771,ACT,2025-12-09,POINT (149.139777 -35.273674),gazetted
ACT_ACT000832,ACT000832,Amaroo School P-6,PRIMARY SCHOOL,EDUCATION,SOCIETY,-35.16501926,149.128574,ACT,2025-12-09,POINT (149.128574 -35.165019),gazetted
ACT_ACT000834,ACT000834,Aranda Primary School,PRIMARY SCHOOL,EDUCATION,SOCIETY,-35.25534054,149.0803315,ACT,2025-12-09,POINT (149.080332 -35.255341),gazetted
ACT_ACT000835,ACT000835,Arawang Primary School,PRIMARY SCHOOL,EDUCATION,SOCIETY,-35.35472761,149.059176,ACT,2025-12-09,POINT (149.059176 -35.354728),gazetted
ACT_ACT000840,ACT000840,Blue Gum Community School,PRIMARY SCHOOL,EDUCATION,SOCIETY,-35.25042415,149.1628284,ACT,2025-12-09,POINT (149.162828 -35.250424),gazetted
ACT_ACT000842,ACT000842,Bonython Primary School,PRIMARY SCHOOL,EDUCATION,SOCIETY,-35.43073888,149.0825667,ACT,2025-12-09,POINT (149.082567 -35.430739),gazetted
ACT_ACT000849,ACT000849,Calwell Primary School,PRIMARY SCHOOL,EDUCATION,SOCIETY,-35.43862295,149.1085562,ACT,2025-12-09,POINT (149.108556 -35.438623),gazetted
ACT_ACT000852,ACT000852,Campbell Primary School,PRIMARY SCHOOL,EDUCATION,SOCIETY,-35.29011671,149.155998,ACT,2025-12-09,POINT (149.155998 -35.290117),gazetted
ACT_ACT000853,ACT000853,Canberra Christian School,PRIMARY SCHOOL,EDUCATION,SOCIETY,-35.35654492,149.098007,ACT,2025-12-09,POINT (149.098007 -35.356545),gazetted
ACT_ACT000863,ACT000863,Caroline Chisholm School P-6,PRIMARY SCHOOL,EDUCATION,SOCIETY,-35.41978637,149.1224456,ACT,2025-12-09,POINT (149.122446 -35.419786),gazetted
ACT_ACT000865,ACT000865,Chapman Primary School,PRIMARY SCHOOL,EDUCATION,SOCIETY,-35.35652889,149.0427706,ACT,2025-12-09,POINT (149.042771 -35.356529),gazetted
ACT_ACT000867,ACT000867,Charles Conder Primary School,PRIMARY SCHOOL,EDUCATION,SOCIETY,-35.46468387,149.0983353,ACT,2025-12-09,POINT (149.098335 -35.464684),gazetted
ACT_ACT000869,ACT000869,Charles Weston School,PRIMARY SCHOOL,EDUCATION,SOCIETY,-35.31972773,149.0411869,ACT,2025-12-09,POINT (149.041187 -35.319728),gazetted
ACT_ACT000871,ACT000871,Charnwood-Dunlop School,PRIMARY SCHOOL,EDUCATION,SOCIETY,-35.19868906,149.0362377,ACT,2025-12-09,POINT (149.036238 -35.198689),gazetted
ACT_ACT000878,ACT000878,Cranleigh School,PRIMARY SCHOOL,EDUCATION,SOCIETY,-35.22512294,149.0288199,ACT,2025-12-09,POINT (149.02882 -35.225123),gazetted
ACT_ACT000880,ACT000880,Curtin Primary School,PRIMARY SCHOOL,EDUCATION,SOCIETY,-35.3313167,149.0797769,ACT,2025-12-09,POINT (149.079777 -35.331317),gazetted
ACT_ACT000887,ACT000887,Duffy Primary School,PRIMARY SCHOOL,EDUCATION,SOCIETY,-35.33516221,149.0324782,ACT,2025-12-09,POINT (149.032478 -35.335162),gazetted
ACT_ACT000891,ACT000891,Evatt Primary School,PRIMARY SCHOOL,EDUCATION,SOCIETY,-35.20699206,149.0757033,ACT,2025-12-09,POINT (149.075703 -35.206992),gazetted
ACT_ACT000894,ACT000894,Evelyn Scott School,PRIMARY SCHOOL,EDUCATION,SOCIETY,-35.30696172,149.0275762,ACT,2025-12-09,POINT (149.027576 -35.306962),gazetted
ACT_ACT000896,ACT000896,Fadden Primary School,PRIMARY SCHOOL,EDUCATION,SOCIETY,-35.40378501,149.1181814,ACT,2025-12-09,POINT (149.118181 -35.403785),gazetted
ACT_ACT000898,ACT000898,Farrer Primary School,PRIMARY SCHOOL,EDUCATION,SOCIETY,-35.37860258,149.1073066,ACT,2025-12-09,POINT (149.107307 -35.378603),gazetted
ACT_ACT000900,ACT000900,Florey Primary School,PRIMARY SCHOOL,EDUCATION,SOCIETY,-35.22634244,149.052886,ACT,2025-12-09,POINT (149.052886 -35.226342),gazetted
ACT_ACT000902,ACT000902,Forrest Primary School,PRIMARY SCHOOL,EDUCATION,SOCIETY,-35.31452066,149.125721,ACT,2025-12-09,POINT (149.125721 -35.314521),gazetted
ACT_ACT000904,ACT000904,Franklin School,PRIMARY SCHOOL,EDUCATION,SOCIETY,-35.19626591,149.1453662,ACT,2025-12-09,POINT (149.145366 -35.196266),gazetted
ACT_ACT000906,ACT000906,Fraser Primary School,PRIMARY SCHOOL,EDUCATION,SOCIETY,-35.19198513,149.0431388,ACT,2025-12-09,POINT (149.043139 -35.191985),gazetted
ACT_ACT000908,ACT000908,Garran Primary School,PRIMARY SCHOOL,EDUCATION,SOCIETY,-35.34390861,149.1030592,ACT,2025-12-09,POINT (149.103059 -35.343909),gazetted
ACT_ACT000910,ACT000910,Gilmore Primary School,PRIMARY SCHOOL,EDUCATION,SOCIETY,-35.41908293,149.1351291,ACT,2025-12-09,POINT (149.135129 -35.419083),gazetted
ACT_ACT000912,ACT000912,Giralang Primary School,PRIMARY SCHOOL,EDUCATION,SOCIETY,-35.21371927,149.0948852,ACT,2025-12-09,POINT (149.094885 -35.213719),gazetted
ACT_ACT000914,ACT000914,Gold Creek School P-6,PRIMARY SCHOOL,EDUCATION,SOCIETY,-35.18129193,149.1005967,ACT,2025-12-09,POINT (149.100597 -35.181292),gazetted
ACT_ACT000915,ACT000915,Good Shepherd Primary School,PRIMARY SCHOOL,EDUCATION,SOCIETY,-35.16527884,149.1256022,ACT,2025-12-09,POINT (149.125602 -35.165279),gazetted
ACT_ACT000917,ACT000917,Gordon Primary School,PRIMARY SCHOOL,EDUCATION,SOCIETY,-35.45644802,149.0866454,ACT,2025-12-09,POINT (149.086645 -35.456448),gazetted
ACT_ACT000919,ACT000919,Gowrie Primary School,PRIMARY SCHOOL,EDUCATION,SOCIETY,-35.41324171,149.1107844,ACT,2025-12-09,POINT (149.110784 -35.413242),gazetted
ACT_ACT000927,ACT000927,Harrison School P-6,PRIMARY SCHOOL,EDUCATION,SOCIETY,-35.19921825,149.1517567,ACT,2025-12-09,POINT (149.151757 -35.199218),gazetted
ACT_ACT000930,ACT000930,Hawker Primary School,PRIMARY SCHOOL,EDUCATION,SOCIETY,-35.2498977,149.0347171,ACT,2025-12-09,POINT (149.034717 -35.249898),gazetted
ACT_ACT000931,ACT000931,Holy Family Parish Primary School,PRIMARY SCHOOL,EDUCATION,SOCIETY,-35.41070701,149.1160423,ACT,2025-12-09,POINT (149.116042 -35.410707),gazetted
ACT_ACT000932,ACT000932,Holy Spirit Primary School,PRIMARY SCHOOL,EDUCATION,SOCIETY,-35.18044381,149.1011263,ACT,2025-12-09,POINT (149.101126 -35.180444),gazetted
ACT_ACT000933,ACT000933,Holy Trinity Primary School,PRIMARY SCHOOL,EDUCATION,SOCIETY,-35.32800827,149.0815652,ACT,2025-12-09,POINT (149.081565 -35.328008),gazetted
ACT_ACT000935,ACT000935,Hughes Primary School,PRIMARY SCHOOL,EDUCATION,SOCIETY,-35.33152296,149.0928909,ACT,2025-12-09,POINT (149.092891 -35.331523),gazetted
ACT_ACT000940,ACT000940,Kaleen Primary School,PRIMARY SCHOOL,EDUCATION,SOCIETY,-35.22437899,149.1132716,ACT,2025-12-09,POINT (149.113272 -35.224379),gazetted
ACT_ACT000943,ACT000943,Kingsford Smith School P-6,PRIMARY SCHOOL,EDUCATION,SOCIETY,-35.22785704,149.0209379,ACT,2025-12-09,POINT (149.020938 -35.227857),gazetted
ACT_ACT000947,ACT000947,Latham Primary School,PRIMARY SCHOOL,EDUCATION,SOCIETY,-35.21981598,149.034552,ACT,2025-12-09,POINT (149.034552 -35.219816),gazetted
ACT_ACT000950,ACT000950,Lyneham Primary School,PRIMARY SCHOOL,EDUCATION,SOCIETY,-35.251471,149.1256612,ACT,2025-12-09,POINT (149.125661 -35.251471),gazetted
ACT_ACT000953,ACT000953,Macgregor Primary School,PRIMARY SCHOOL,EDUCATION,SOCIETY,-35.21264399,149.012112,ACT,2025-12-09,POINT (149.012112 -35.212644),gazetted
ACT_ACT000955,ACT000955,Macquarie Primary School,PRIMARY SCHOOL,EDUCATION,SOCIETY,-35.25135731,149.059921,ACT,2025-12-09,POINT (149.059921 -35.251357),gazetted
ACT_ACT000956,ACT000956,Majura Primary School,PRIMARY SCHOOL,EDUCATION,SOCIETY,-35.23839432,149.1546222,ACT,2025-12-09,POINT (149.154622 -35.238394),gazetted
ACT_ACT000957,ACT000957,Malkara School,PRIMARY SCHOOL,EDUCATION,SOCIETY,-35.33839729,149.0942907,ACT,2025-12-09,POINT (149.094291 -35.338397),gazetted
ACT_ACT000959,ACT000959,Margaret Hendry School,PRIMARY SCHOOL,EDUCATION,SOCIETY,-35.1508877,149.109203,ACT,2025-12-09,POINT (149.109203 -35.150888),gazetted
ACT_ACT000961,ACT000961,Maribyrnong Primary School,PRIMARY SCHOOL,EDUCATION,SOCIETY,-35.23465626,149.1033346,ACT,2025-12-09,POINT (149.103335 -35.234656),gazetted
ACT_ACT000964,ACT000964,Mawson Primary School,PRIMARY SCHOOL,EDUCATION,SOCIETY,-35.35850627,149.097765,ACT,2025-12-09,POINT (149.097765 -35.358506),gazetted
ACT_ACT000971,ACT000971,Miles Franklin Primary School,PRIMARY SCHOOL,EDUCATION,SOCIETY,-35.21301882,149.0668467,ACT,2025-12-09,POINT (149.066847 -35.213019),gazetted
ACT_ACT000973,ACT000973,Monash Primary School,PRIMARY SCHOOL,EDUCATION,SOCIETY,-35.41461819,149.0895031,ACT,2025-12-09,POINT (149.089503 -35.414618),gazetted
ACT_ACT000974,ACT000974,Mother Teresa School,PRIMARY SCHOOL,EDUCATION,SOCIETY,-35.19482923,149.1531747,ACT,2025-12-09,POINT (149.153175 -35.194829),gazetted
ACT_ACT000975,ACT000975,Mount Rogers Primary School,PRIMARY SCHOOL,EDUCATION,SOCIETY,-35.20834443,149.0557334,ACT,2025-12-09,POINT (149.055733 -35.208344),gazetted
ACT_ACT000979,ACT000979,Namadgi School P-6,PRIMARY SCHOOL,EDUCATION,SOCIETY,-35.39235869,149.0674472,ACT,2025-12-09,POINT (149.067447 -35.392359),gazetted
ACT_ACT000983,ACT000983,Neville Bonner Primary School,PRIMARY SCHOOL,EDUCATION,SOCIETY,-35.16241102,149.1400661,ACT,2025-12-09,POINT (149.140066 -35.162411),gazetted
ACT_ACT000985,ACT000985,Ngunnawal Primary School,PRIMARY SCHOOL,EDUCATION,SOCIETY,-35.16895221,149.1115324,ACT,2025-12-09,POINT (149.111532 -35.168952),gazetted
ACT_ACT000988,ACT000988,North Ainslie Primary School,PRIMARY SCHOOL,EDUCATION,SOCIETY,-35.25444348,149.1470213,ACT,2025-12-09,POINT (149.147021 -35.254443),gazetted
ACT_ACT000990,ACT000990,OConnor Cooperative School,PRIMARY SCHOOL,EDUCATION,SOCIETY,-35.2611304,149.1201323,ACT,2025-12-09,POINT (149.120132 -35.26113),gazetted
ACT_ACT000992,ACT000992,Palmerston District Primary School,PRIMARY SCHOOL,EDUCATION,SOCIETY,-35.1974703,149.1208279,ACT,2025-12-09,POINT (149.120828 -35.19747),gazetted
ACT_ACT000999,ACT000999,Red Hill Primary School,PRIMARY SCHOOL,EDUCATION,SOCIETY,-35.33947328,149.1332226,ACT,2025-12-09,POINT (149.133223 -35.339473),gazetted
ACT_ACT001002,ACT001002,Richardson Primary School,PRIMARY SCHOOL,EDUCATION,SOCIETY,-35.42883747,149.1142841,ACT,2025-12-09,POINT (149.114284 -35.428837),gazetted
ACT_ACT001003,ACT001003,Rosary Primary School,PRIMARY SCHOOL,EDUCATION,SOCIETY,-35.24508146,149.1560758,ACT,2025-12-09,POINT (149.156076 -35.245081),gazetted
ACT_ACT001004,ACT001004,Sacred Heart Primary School,PRIMARY SCHOOL,EDUCATION,SOCIETY,-35.3660449,149.0836652,ACT,2025-12-09,POINT (149.083665 -35.366045),gazetted
ACT_ACT001007,ACT001007,St Anthonys Parish Primary School,PRIMARY SCHOOL,EDUCATION,SOCIETY,-35.39419704,149.0805649,ACT,2025-12-09,POINT (149.080565 -35.394197),gazetted
ACT_ACT001008,ACT001008,St Bedes Primary School,PRIMARY SCHOOL,EDUCATION,SOCIETY,-35.33881938,149.1293763,ACT,2025-12-09,POINT (149.129376 -35.338819),gazetted
ACT_ACT001009,ACT001009,St Benedicts Primary School,PRIMARY SCHOOL,EDUCATION,SOCIETY,-35.33457369,149.1487206,ACT,2025-12-09,POINT (149.148721 -35.334574),gazetted
ACT_ACT001010,ACT001010,St Clare Of Assisi Primary School,PRIMARY SCHOOL,EDUCATION,SOCIETY,-35.45917003,149.0964821,ACT,2025-12-09,POINT (149.096482 -35.45917),gazetted
ACT_ACT001013,ACT001013,St Francis Of Assisi Primary School,PRIMARY SCHOOL,EDUCATION,SOCIETY,-35.44211459,149.1183319,ACT,2025-12-09,POINT (149.118332 -35.442115),gazetted
ACT_ACT001016,ACT001016,St John The Apostle Primary School,PRIMARY SCHOOL,EDUCATION,SOCIETY,-35.22611673,149.0416973,ACT,2025-12-09,POINT (149.041697 -35.226117),gazetted
ACT_ACT001017,ACT001017,St John Vianneys Primary School,PRIMARY SCHOOL,EDUCATION,SOCIETY,-35.35186974,149.0550761,ACT,2025-12-09,POINT (149.055076 -35.35187),gazetted
ACT_ACT001018,ACT001018,St Josephs Catholic Primary School,PRIMARY SCHOOL,EDUCATION,SOCIETY,-35.25898859,149.1261132,ACT,2025-12-09,POINT (149.126113 -35.258989),gazetted
ACT_ACT001019,ACT001019,St Judes Primary School,PRIMARY SCHOOL,EDUCATION,SOCIETY,-35.33418368,149.0498896,ACT,2025-12-09,POINT (149.04989 -35.334184),gazetted
ACT_ACT001022,ACT001022,St Matthews Primary School,PRIMARY SCHOOL,EDUCATION,SOCIETY,-35.24016991,149.0426683,ACT,2025-12-09,POINT (149.042668 -35.24017),gazetted
ACT_ACT001023,ACT001023,St Michaels Primary School,PRIMARY SCHOOL,EDUCATION,SOCIETY,-35.22317133,149.1096892,ACT,2025-12-09,POINT (149.109689 -35.223171),gazetted
ACT_ACT001024,ACT001024,St Monicas Primary School,PRIMARY SCHOOL,EDUCATION,SOCIETY,-35.21309994,149.061599,ACT,2025-12-09,POINT (149.061599 -35.2131),gazetted
ACT_ACT001025,ACT001025,St Thomas Aquinas Primary School,PRIMARY SCHOOL,EDUCATION,SOCIETY,-35.20513254,149.0307143,ACT,2025-12-09,POINT (149.030714 -35.205133),gazetted
ACT_ACT001026,ACT001026,St Thomas Mores Primary School,PRIMARY SCHOOL,EDUCATION,SOCIETY,-35.28720428,149.1558503,ACT,2025-12-09,POINT (149.15585 -35.287204),gazetted
ACT_ACT001027,ACT001027,St Thomas The Apostle Primary School,PRIMARY SCHOOL,EDUCATION,SOCIETY,-35.38079781,149.0528601,ACT,2025-12-09,POINT (149.05286 -35.380798),gazetted
ACT_ACT001028,ACT001028,St Vincents Primary School,PRIMARY SCHOOL,EDUCATION,SOCIETY,-35.25447825,149.0765459,ACT,2025-12-09,POINT (149.076546 -35.254478),gazetted
ACT_ACT001029,ACT001029,Sts Peter & Paul Primary School,PRIMARY SCHOOL,EDUCATION,SOCIETY,-35.33921204,149.0930865,ACT,2025-12-09,POINT (149.093086 -35.339212),gazetted
ACT_ACT001030,ACT001030,Taqwa School,PRIMARY SCHOOL,EDUCATION,SOCIETY,-35.19816929,149.0655348,ACT,2025-12-09,POINT (149.065535 -35.198169),gazetted
ACT_ACT001032,ACT001032,Taylor Primary School,PRIMARY SCHOOL,EDUCATION,SOCIETY,-35.37802065,149.0638461,ACT,2025-12-09,POINT (149.063846 -35.378021),gazetted
ACT_ACT001034,ACT001034,Telopea Park School K-6,PRIMARY SCHOOL,EDUCATION,SOCIETY,-35.31371039,149.1336763,ACT,2025-12-09,POINT (149.133676 -35.31371),gazetted
ACT_ACT001038,ACT001038,Theodore Primary School,PRIMARY SCHOOL,EDUCATION,SOCIETY,-35.44766448,149.1233415,ACT,2025-12-09,POINT (149.123342 -35.447664),gazetted
ACT_ACT001040,ACT001040,Torrens Primary School,PRIMARY SCHOOL,EDUCATION,SOCIETY,-35.37133178,149.0913913,ACT,2025-12-09,POINT (149.091391 -35.371332),gazetted
ACT_ACT001044,ACT001044,Turner School,PRIMARY SCHOOL,EDUCATION,SOCIETY,-35.26519937,149.1261108,ACT,2025-12-09,POINT (149.126111 -35.265199),gazetted
ACT_ACT001048,ACT001048,Wanniassa Hills Primary School,PRIMARY SCHOOL,EDUCATION,SOCIETY,-35.39288762,149.096054,ACT,2025-12-09,POINT (149.096054 -35.392888),gazetted
ACT_ACT001051,ACT001051,Wanniassa School P-6,PRIMARY SCHOOL,EDUCATION,SOCIETY,-35.39844357,149.085684,ACT,2025-12-09,POINT (149.085684 -35.398444),gazetted
ACT_ACT001055,ACT001055,Weetangera Primary School,PRIMARY SCHOOL,EDUCATION,SOCIETY,-35.25197134,149.0476193,ACT,2025-12-09,POINT (149.047619 -35.251971),gazetted
ACT_ACT001058,ACT001058,Yarralumla Primary School,PRIMARY SCHOOL,EDUCATION,SOCIETY,-35.30678844,149.1027139,ACT,2025-12-09,POINT (149.102714 -35.306788),gazetted
ACT_ACT000044,ACT000044,Billy Range,RANGE,LANDFORM,TERRAIN,-35.67361,149.03273,ACT,2025-12-09,POINT (149.03273 -35.67361),gazetted
ACT_ACT000048,ACT000048,Bimberi Range,RANGE,LANDFORM,TERRAIN,-35.64875,148.76977,ACT,2025-12-09,POINT (148.76977 -35.64875),gazetted
ACT_ACT000069,ACT000069,Boboyan Divide,RANGE,LANDFORM,TERRAIN,-35.8635,148.92667,ACT,2025-12-09,POINT (148.92667 -35.8635),gazetted
ACT_ACT000080,ACT000080,Booth Range,RANGE,LANDFORM,TERRAIN,-35.76309,149.03006,ACT,2025-12-09,POINT (149.03006 -35.76309),gazetted
ACT_ACT000090,ACT000090,Brindabella Range,RANGE,LANDFORM,TERRAIN,-35.5448,148.77074,ACT,2025-12-09,POINT (148.77074 -35.5448),gazetted
ACT_ACT000096,ACT000096,Bullen Range,RANGE,LANDFORM,TERRAIN,-35.36511,148.96788,ACT,2025-12-09,POINT (148.96788 -35.36511),gazetted
ACT_ACT000102,ACT000102,Bulls Head Range,RANGE,LANDFORM,TERRAIN,-35.38117,148.83127,ACT,2025-12-09,POINT (148.83127 -35.38117),gazetted
ACT_ACT000147,ACT000147,Clear Range,RANGE,LANDFORM,TERRAIN,-35.79909,149.09631,ACT,2025-12-09,POINT (149.09631 -35.79909),gazetted
ACT_ACT000313,ACT000313,Hardy Range,RANGE,LANDFORM,TERRAIN,-35.36486,148.89729,ACT,2025-12-09,POINT (148.89729 -35.36486),gazetted
ACT_ACT000317,ACT000317,High Range,RANGE,LANDFORM,TERRAIN,-35.53178,148.86788,ACT,2025-12-09,POINT (148.86788 -35.53178),gazetted
ACT_ACT000586,ACT000586,Rob Roy Range,RANGE,LANDFORM,TERRAIN,-35.49459,149.12777,ACT,2025-12-09,POINT (149.12777 -35.49459),gazetted
ACT_ACT000605,ACT000605,Scabby Range,RANGE,LANDFORM,TERRAIN,-35.75756,148.8585,ACT,2025-12-09,POINT (148.8585 -35.75756),gazetted
ACT_ACT000683,ACT000683,Tidbinbilla Range,RANGE,LANDFORM,TERRAIN,-35.43763,148.87992,ACT,2025-12-09,POINT (148.87992 -35.43763),gazetted
ACT_ACT000241,ACT000241,Gallipoli Reach,REACH,WATERWAY,HYDROLOGY,-35.29093,149.13596,ACT,2025-12-09,POINT (149.13596 -35.29093),gazetted
ACT_ACT000659,ACT000659,Tarcoola Reach,REACH,WATERWAY,HYDROLOGY,-35.29162,149.09743,ACT,2025-12-09,POINT (149.09743 -35.29162),gazetted
ACT_ACT000753,ACT000753,Yarramundi Reach,REACH,WATERWAY,HYDROLOGY,-35.29481,149.08625,ACT,2025-12-09,POINT (149.08625 -35.29481),gazetted
ACT_ACT000117,ACT000117,Campbell Reservior,RESERVOIR,WATERBODY,HYDROLOGY,-35.27817,149.16518,ACT,2025-12-09,POINT (149.16518 -35.27817),gazetted
ACT_ACT000133,ACT000133,Central Basin,RESERVOIR,WATERBODY,HYDROLOGY,-35.29472,149.1364,ACT,2025-12-09,POINT (149.1364 -35.29472),gazetted
ACT_ACT000298,ACT000298,Gungaderra Pond,RESERVOIR,WATERBODY,HYDROLOGY,-35.2099,149.12377,ACT,2025-12-09,POINT (149.12377 -35.2099),gazetted
ACT_ACT000302,ACT000302,Gungahlin Pond,RESERVOIR,WATERBODY,HYDROLOGY,-35.19017,149.10834,ACT,2025-12-09,POINT (149.10834 -35.19017),gazetted
ACT_ACT000336,ACT000336,Isabella Pond,RESERVOIR,WATERBODY,HYDROLOGY,-35.4221,149.081,ACT,2025-12-09,POINT (149.081 -35.4221),gazetted
ACT_ACT000365,ACT000365,Lake Burley Griffin,RESERVOIR,WATERBODY,HYDROLOGY,-35.29439,149.13645,ACT,2025-12-09,POINT (149.13645 -35.29439),gazetted
ACT_ACT000366,ACT000366,Lake Ginninderra,RESERVOIR,WATERBODY,HYDROLOGY,-35.23245,149.06843,ACT,2025-12-09,POINT (149.06843 -35.23245),gazetted
ACT_ACT000521,ACT000521,Oakey Hill Reservoir,RESERVOIR,WATERBODY,HYDROLOGY,-35.33963,149.06935,ACT,2025-12-09,POINT (149.06935 -35.33963),gazetted
ACT_ACT000723,ACT000723,West Belconnen Pond,RESERVOIR,WATERBODY,HYDROLOGY,-35.18853,149.01529,ACT,2025-12-09,POINT (149.01529 -35.18853),gazetted
ACT_ACT000756,ACT000756,Yerrabi Pond,RESERVOIR,WATERBODY,HYDROLOGY,-35.17615,149.13072,ACT,2025-12-09,POINT (149.13072 -35.17615),gazetted
ACT_ACT000063,ACT000063,Blue Ridge,RIDGE,LANDFORM,TERRAIN,-35.28451,148.85438,ACT,2025-12-09,POINT (148.85438 -35.28451),gazetted
ACT_ACT000093,ACT000093,Bruce Ridge,RIDGE,LANDFORM,TERRAIN,-35.24672,149.08384,ACT,2025-12-09,POINT (149.08384 -35.24672),gazetted
ACT_ACT000157,ACT000157,Cooleman Ridge,RIDGE,LANDFORM,TERRAIN,-35.36511,149.01787,ACT,2025-12-09,POINT (149.01787 -35.36511),gazetted
ACT_ACT000216,ACT000216,Farrer Ridge,RIDGE,LANDFORM,TERRAIN,-35.38178,149.10121,ACT,2025-12-09,POINT (149.10121 -35.38178),gazetted
ACT_ACT000333,ACT000333,Isaacs Ridge,RIDGE,LANDFORM,TERRAIN,-35.36771,149.12086,ACT,2025-12-09,POINT (149.12086 -35.36771),gazetted
ACT_ACT000524,ACT000524,O'Connor Ridge,RIDGE,LANDFORM,TERRAIN,-35.24716,149.11469,ACT,2025-12-09,POINT (149.11469 -35.24716),gazetted
ACT_ACT000641,ACT000641,Stirling Ridge,RIDGE,LANDFORM,TERRAIN,-35.29844,149.11787,ACT,2025-12-09,POINT (149.11787 -35.29844),gazetted
ACT_ACT000413,ACT000413,Mark Oliphant Bridge,ROAD BRIDGE,ROAD,TRANSPORT,-35.28412,149.11031,ACT,2025-12-09,POINT (149.11031 -35.28412),gazetted
ACT_ACT000772,ACT000772,Dairy Flat Bridge,ROAD BRIDGE,ROAD,TRANSPORT,-35.30345299,149.1702906,ACT,2025-12-09,POINT (149.170291 -35.303453),gazetted
ACT_ACT000043,ACT000043,Billy Billy Rocks,ROCK,LANDFORM,TERRAIN,-35.5066,148.89674,ACT,2025-12-09,POINT (148.89674 -35.5066),gazetted
ACT_ACT000078,ACT000078,Booroomba Rocks,ROCK,LANDFORM,TERRAIN,-35.55757,148.99022,ACT,2025-12-09,POINT (148.99022 -35.55757),gazetted
ACT_ACT000190,ACT000190,Deakin Anticline,ROCK,LANDFORM,TERRAIN,-35.31504,149.1058,ACT,2025-12-09,POINT (149.1058 -35.31504),gazetted
ACT_ACT000285,ACT000285,Green Rock,ROCK,LANDFORM,TERRAIN,-35.1601,150.76125,ACT,2025-12-09,POINT (150.76125 -35.1601),gazetted
ACT_ACT000426,ACT000426,Moes Rock,ROCK,LANDFORM,TERRAIN,-35.15857,150.76156,ACT,2025-12-09,POINT (150.76156 -35.15857),gazetted
ACT_ACT000489,ACT000489,Mushroom Rock,ROCK,LANDFORM,TERRAIN,-35.46171,148.96056,ACT,2025-12-09,POINT (148.96056 -35.46171),gazetted
ACT_ACT000606,ACT000606,Scottish Rocks,ROCK,LANDFORM,TERRAIN,-35.13671,150.74086,ACT,2025-12-09,POINT (150.74086 -35.13671),gazetted
ACT_ACT000634,ACT000634,Square Rock,ROCK,LANDFORM,TERRAIN,-35.53178,148.88455,ACT,2025-12-09,POINT (148.88455 -35.53178),gazetted
ACT_ACT000829,ACT000829,Alfred Deakin High School,SECONDARY SCHOOL,EDUCATION,SOCIETY,-35.32425828,149.0946386,ACT,2025-12-09,POINT (149.094639 -35.324258),gazetted
ACT_ACT000831,ACT000831,Amaroo School 7-10,SECONDARY SCHOOL,EDUCATION,SOCIETY,-35.16501898,149.1285736,ACT,2025-12-09,POINT (149.128574 -35.165019),gazetted
ACT_ACT000837,ACT000837,Belconnen High School,SECONDARY SCHOOL,EDUCATION,SOCIETY,-35.24712742,149.0389182,ACT,2025-12-09,POINT (149.038918 -35.247127),gazetted
ACT_ACT000843,ACT000843,Brindabella Christian College Charwood Campus ,SECONDARY SCHOOL,EDUCATION,SOCIETY,-35.20301767,149.0307446,ACT,2025-12-09,POINT (149.030745 -35.203018),gazetted
ACT_ACT000844,ACT000844,Brindabella Christian College Lyneham Campus ,SECONDARY SCHOOL,EDUCATION,SOCIETY,-35.24926192,149.1282478,ACT,2025-12-09,POINT (149.128248 -35.249262),gazetted
ACT_ACT000847,ACT000847,Calwell High School,SECONDARY SCHOOL,EDUCATION,SOCIETY,-35.44082099,149.1176173,ACT,2025-12-09,POINT (149.117617 -35.440821),gazetted
ACT_ACT000850,ACT000850,Campbell High School,SECONDARY SCHOOL,EDUCATION,SOCIETY,-35.27807645,149.1477744,ACT,2025-12-09,POINT (149.147774 -35.278076),gazetted
ACT_ACT000854,ACT000854,Canberra College,SECONDARY SCHOOL,EDUCATION,SOCIETY,-35.34041567,149.0892303,ACT,2025-12-09,POINT (149.08923 -35.340416),gazetted
ACT_ACT000855,ACT000855,Canberra Girls Grammar Junior School,SECONDARY SCHOOL,EDUCATION,SOCIETY,-35.31228928,149.1106926,ACT,2025-12-09,POINT (149.110693 -35.312289),gazetted
ACT_ACT000856,ACT000856,Canberra Girls Grammar School,SECONDARY SCHOOL,EDUCATION,SOCIETY,-35.31680294,149.1155121,ACT,2025-12-09,POINT (149.115512 -35.316803),gazetted
ACT_ACT000857,ACT000857,Canberra Grammar Junior School,SECONDARY SCHOOL,EDUCATION,SOCIETY,-35.33217015,149.1247831,ACT,2025-12-09,POINT (149.124783 -35.33217),gazetted
ACT_ACT000858,ACT000858,Canberra Grammar School,SECONDARY SCHOOL,EDUCATION,SOCIETY,-35.33111925,149.1273851,ACT,2025-12-09,POINT (149.127385 -35.331119),gazetted
ACT_ACT000860,ACT000860,Canberra High School,SECONDARY SCHOOL,EDUCATION,SOCIETY,-35.25155668,149.0744419,ACT,2025-12-09,POINT (149.074442 -35.251557),gazetted
ACT_ACT000862,ACT000862,Caroline Chisholm School 7-10,SECONDARY SCHOOL,EDUCATION,SOCIETY,-35.41780685,149.1215487,ACT,2025-12-09,POINT (149.121549 -35.417807),gazetted
ACT_ACT000875,ACT000875,Communities@Work Galilee School Holder,SECONDARY SCHOOL,EDUCATION,SOCIETY,-35.32942797,149.0496099,ACT,2025-12-09,POINT (149.04961 -35.329428),gazetted
ACT_ACT000876,ACT000876,Communities@Work Galilee School Kambah,SECONDARY SCHOOL,EDUCATION,SOCIETY,-35.38647886,149.0307938,ACT,2025-12-09,POINT (149.030794 -35.386479),gazetted
ACT_ACT000882,ACT000882,Daramalan College,SECONDARY SCHOOL,EDUCATION,SOCIETY,-35.25325359,149.1386485,ACT,2025-12-09,POINT (149.138648 -35.253254),gazetted
ACT_ACT000884,ACT000884,Dickson College,SECONDARY SCHOOL,EDUCATION,SOCIETY,-35.24928604,149.1536577,ACT,2025-12-09,POINT (149.153658 -35.249286),gazetted
ACT_ACT000889,ACT000889,Erindale College,SECONDARY SCHOOL,EDUCATION,SOCIETY,-35.40305551,149.0965582,ACT,2025-12-09,POINT (149.096558 -35.403056),gazetted
ACT_ACT000893,ACT000893,Evelyn Scott School,SECONDARY SCHOOL,EDUCATION,SOCIETY,-35.30696172,149.0275762,ACT,2025-12-09,POINT (149.027576 -35.306962),gazetted
ACT_ACT000913,ACT000913,Gold Creek School 7-10,SECONDARY SCHOOL,EDUCATION,SOCIETY,-35.17960549,149.0938583,ACT,2025-12-09,POINT (149.093858 -35.179605),gazetted
ACT_ACT000921,ACT000921,Gungahlin College,SECONDARY SCHOOL,EDUCATION,SOCIETY,-35.18540763,149.1310118,ACT,2025-12-09,POINT (149.131012 -35.185408),gazetted
ACT_ACT000926,ACT000926,Harrison School 7-10,SECONDARY SCHOOL,EDUCATION,SOCIETY,-35.19921966,149.1517534,ACT,2025-12-09,POINT (149.151753 -35.19922),gazetted
ACT_ACT000928,ACT000928,Hawker College,SECONDARY SCHOOL,EDUCATION,SOCIETY,-35.24587418,149.0326523,ACT,2025-12-09,POINT (149.032652 -35.245874),gazetted
ACT_ACT000942,ACT000942,Kingsford Smith School 7-10,SECONDARY SCHOOL,EDUCATION,SOCIETY,-35.22785937,149.020938,ACT,2025-12-09,POINT (149.020938 -35.227859),gazetted
ACT_ACT000944,ACT000944,Lake Tuggeranong College,SECONDARY SCHOOL,EDUCATION,SOCIETY,-35.41376643,149.0682551,ACT,2025-12-09,POINT (149.068255 -35.413766),gazetted
ACT_ACT000945,ACT000945,Lanyon High School,SECONDARY SCHOOL,EDUCATION,SOCIETY,-35.46047434,149.0952498,ACT,2025-12-09,POINT (149.09525 -35.460474),gazetted
ACT_ACT000948,ACT000948,Lyneham High School,SECONDARY SCHOOL,EDUCATION,SOCIETY,-35.25247233,149.1305463,ACT,2025-12-09,POINT (149.130546 -35.252472),gazetted
ACT_ACT000962,ACT000962,Marist College Canberra,SECONDARY SCHOOL,EDUCATION,SOCIETY,-35.35944782,149.0882454,ACT,2025-12-09,POINT (149.088245 -35.359448),gazetted
ACT_ACT000965,ACT000965,Melba Copland Secondary School 11-12,SECONDARY SCHOOL,EDUCATION,SOCIETY,-35.21241228,149.0588799,ACT,2025-12-09,POINT (149.05888 -35.212412),gazetted
ACT_ACT000966,ACT000966,Melba Copland Secondary School 7-10,SECONDARY SCHOOL,EDUCATION,SOCIETY,-35.21411903,149.0489415,ACT,2025-12-09,POINT (149.048942 -35.214119),gazetted
ACT_ACT000968,ACT000968,Melrose High School,SECONDARY SCHOOL,EDUCATION,SOCIETY,-35.36273755,149.0885748,ACT,2025-12-09,POINT (149.088575 -35.362738),gazetted
ACT_ACT000969,ACT000969,Merici College,SECONDARY SCHOOL,EDUCATION,SOCIETY,-35.26706015,149.1367874,ACT,2025-12-09,POINT (149.136787 -35.26706),gazetted
ACT_ACT000976,ACT000976,Mount Stromlo High School,SECONDARY SCHOOL,EDUCATION,SOCIETY,-35.35497671,149.054808,ACT,2025-12-09,POINT (149.054808 -35.354977),gazetted
ACT_ACT000978,ACT000978,Namadgi School 7-10,SECONDARY SCHOOL,EDUCATION,SOCIETY,-35.39236301,149.0674456,ACT,2025-12-09,POINT (149.067446 -35.392363),gazetted
ACT_ACT000980,ACT000980,Narrabundah College,SECONDARY SCHOOL,EDUCATION,SOCIETY,-35.33620942,149.1472013,ACT,2025-12-09,POINT (149.147201 -35.336209),gazetted
ACT_ACT000997,ACT000997,Radford College,SECONDARY SCHOOL,EDUCATION,SOCIETY,-35.24489705,149.0872578,ACT,2025-12-09,POINT (149.087258 -35.244897),gazetted
ACT_ACT001011,ACT001011,St Clares College,SECONDARY SCHOOL,EDUCATION,SOCIETY,-35.32362709,149.1465516,ACT,2025-12-09,POINT (149.146552 -35.323627),gazetted
ACT_ACT001012,ACT001012,St Edmunds College Canberra,SECONDARY SCHOOL,EDUCATION,SOCIETY,-35.32280623,149.1454376,ACT,2025-12-09,POINT (149.145438 -35.322806),gazetted
ACT_ACT001014,ACT001014,St Francis Xavier College,SECONDARY SCHOOL,EDUCATION,SOCIETY,-35.22487154,149.0398084,ACT,2025-12-09,POINT (149.039808 -35.224872),gazetted
ACT_ACT001015,ACT001015,St John Paul II College,SECONDARY SCHOOL,EDUCATION,SOCIETY,-35.17728983,149.1010778,ACT,2025-12-09,POINT (149.101078 -35.17729),gazetted
ACT_ACT001020,ACT001020,St Mary Mackillop College - Junior Campus,SECONDARY SCHOOL,EDUCATION,SOCIETY,-35.40569497,149.0904116,ACT,2025-12-09,POINT (149.090412 -35.405695),gazetted
ACT_ACT001021,ACT001021,St Mary Mackillop College - Senior Campus,SECONDARY SCHOOL,EDUCATION,SOCIETY,-35.42498684,149.093161,ACT,2025-12-09,POINT (149.093161 -35.424987),gazetted
ACT_ACT001033,ACT001033,Telopea Park School 7-10,SECONDARY SCHOOL,EDUCATION,SOCIETY,-35.31371046,149.1336726,ACT,2025-12-09,POINT (149.133673 -35.31371),gazetted
ACT_ACT001036,ACT001036,The Woden School,SECONDARY SCHOOL,EDUCATION,SOCIETY,-35.32636585,149.0926195,ACT,2025-12-09,POINT (149.09262 -35.326366),gazetted
ACT_ACT001045,ACT001045,UC Senior Secondary College Lake Ginninderra,SECONDARY SCHOOL,EDUCATION,SOCIETY,-35.23911266,149.0737494,ACT,2025-12-09,POINT (149.073749 -35.239113),gazetted
ACT_ACT001046,ACT001046,University Of Canberra High School Kaleen,SECONDARY SCHOOL,EDUCATION,SOCIETY,-35.22533827,149.1011434,ACT,2025-12-09,POINT (149.101143 -35.225338),gazetted
ACT_ACT001050,ACT001050,Wanniassa School 7-10,SECONDARY SCHOOL,EDUCATION,SOCIETY,-35.39489414,149.0858232,ACT,2025-12-09,POINT (149.085823 -35.394894),gazetted
ACT_ACT000210,ACT000210,Errol Kavanagh Memorial Oval,SPORTSGROUND,RECREATION,CULTURE,-35.33874,149.15692,ACT,2025-12-09,POINT (149.15692 -35.33874),gazetted
ACT_ACT000356,ACT000356,Keith Tournier Enclosed Oval,SPORTSGROUND,RECREATION,CULTURE,-35.25933,149.1378,ACT,2025-12-09,POINT (149.1378 -35.25933),gazetted
ACT_ACT000097,ACT000097,Bullen Range Nature Reserve,STATE FOREST,PROTECTED AREA,ADMINISTRATION,-35.38178,148.98454,ACT,2025-12-09,POINT (148.98454 -35.38178),gazetted
ACT_ACT000253,ACT000253,Gigerline Nature Reserve,STATE FOREST,PROTECTED AREA,ADMINISTRATION,-35.55355,149.10547,ACT,2025-12-09,POINT (149.10547 -35.55355),gazetted
ACT_ACT000276,ACT000276,Goorooyarroo Nature Reserve,STATE FOREST,PROTECTED AREA,ADMINISTRATION,-35.18766,149.18394,ACT,2025-12-09,POINT (149.18394 -35.18766),gazetted
ACT_ACT000344,ACT000344,Jerrabomberra Wetlands Nature Reserve,STATE FOREST,PROTECTED AREA,ADMINISTRATION,-35.30794,149.15377,ACT,2025-12-09,POINT (149.15377 -35.30794),gazetted
ACT_ACT000680,ACT000680,Tidbinbilla Nature Reserve,STATE FOREST,PROTECTED AREA,ADMINISTRATION,-35.51632,148.89238,ACT,2025-12-09,POINT (148.89238 -35.51632),gazetted
ACT_ACT000740,ACT000740,Woodstock Nature Reserve,STATE FOREST,PROTECTED AREA,ADMINISTRATION,-35.2388,148.96938,ACT,2025-12-09,POINT (148.96938 -35.2388),gazetted
ACT_ACT000781,ACT000781,Gungahleen School House,UNCLASSIFIED,UNCLASSIFIED,UNCLASSIFIED,-35.23784081,149.124401,ACT,2025-12-09,POINT (149.124401 -35.237841),gazetted
ACT_ACT000794,ACT000794,Margaret Whitlam Pavilion,UNCLASSIFIED,UNCLASSIFIED,UNCLASSIFIED,-35.29003853,149.0691161,ACT,2025-12-09,POINT (149.069116 -35.290039),gazetted
ACT_ACT000807,ACT000807,Old Duntroon School,UNCLASSIFIED,UNCLASSIFIED,UNCLASSIFIED,-35.30127867,149.1796523,ACT,2025-12-09,POINT (149.179652 -35.301279),gazetted
ACT_ACT000809,ACT000809,Old Tuggeranong School House,UNCLASSIFIED,UNCLASSIFIED,UNCLASSIFIED,-35.42152173,149.1308838,ACT,2025-12-09,POINT (149.130884 -35.421522),gazetted
ACT_ACT000760,ACT000760,Academy of Science,UNCLASSIFIED,UNCLASSIFIED,UNCLASSIFIED,-35.28362819,149.122853,ACT,2025-12-09,POINT (149.122853 -35.283628),gazetted
ACT_ACT000780,ACT000780,Government House,UNCLASSIFIED,UNCLASSIFIED,UNCLASSIFIED,-35.31126975,149.0895314,ACT,2025-12-09,POINT (149.089531 -35.31127),gazetted
ACT_ACT000811,ACT000811,Parliament House,UNCLASSIFIED,UNCLASSIFIED,UNCLASSIFIED,-35.30772606,149.1243866,ACT,2025-12-09,POINT (149.124387 -35.307726),gazetted
ACT_ACT000813,ACT000813,Prime Ministers Lodge ,UNCLASSIFIED,UNCLASSIFIED,UNCLASSIFIED,-35.31054342,149.1168956,ACT,2025-12-09,POINT (149.116896 -35.310543),gazetted
ACT_ACT000815,ACT000815,Royal Australian Mint ,UNCLASSIFIED,UNCLASSIFIED,UNCLASSIFIED,-35.31849704,149.0929374,ACT,2025-12-09,POINT (149.092937 -35.318497),gazetted
ACT_ACT000252,ACT000252,Gibraltar Valley,VALLEY,LANDFORM,TERRAIN,-35.46705,148.96082,ACT,2025-12-09,POINT (148.96082 -35.46705),gazetted
ACT_ACT000533,ACT000533,Orroral Valley,VALLEY,LANDFORM,TERRAIN,-35.61689,148.94666,ACT,2025-12-09,POINT (148.94666 -35.61689),gazetted
ACT_ACT000770,ACT000770,Cravens Creek,WATERCOURSE,WATERWAY,HYDROLOGY,-35.29599493,149.0261368,ACT,2025-12-09,POINT (149.026137 -35.295995),gazetted
ACT_ACT000013,ACT000013,Ashbrook Creek,WATERCOURSE,WATERWAY,HYDROLOGY,-35.46511,148.90121,ACT,2025-12-09,POINT (148.90121 -35.46511),gazetted
ACT_ACT000023,ACT000023,Barnes Creek,WATERCOURSE,WATERWAY,HYDROLOGY,-35.45748,149.05671,ACT,2025-12-09,POINT (149.05671 -35.45748),gazetted
ACT_ACT000033,ACT000033,Bendora Creek,WATERCOURSE,WATERWAY,HYDROLOGY,-35.42658,148.81372,ACT,2025-12-09,POINT (148.81372 -35.42658),gazetted
ACT_ACT000042,ACT000042,Billy Billy Creek,WATERCOURSE,WATERWAY,HYDROLOGY,-35.5045,148.90506,ACT,2025-12-09,POINT (148.90506 -35.5045),gazetted
ACT_ACT000045,ACT000045,Bimberi Creek,WATERCOURSE,WATERWAY,HYDROLOGY,-35.66182,148.82799,ACT,2025-12-09,POINT (148.82799 -35.66182),gazetted
ACT_ACT000051,ACT000051,Black Creek,WATERCOURSE,WATERWAY,HYDROLOGY,-35.31511,149.13454,ACT,2025-12-09,POINT (149.13454 -35.31511),gazetted
ACT_ACT000058,ACT000058,Black Springs Creek,WATERCOURSE,WATERWAY,HYDROLOGY,-35.31511,148.86788,ACT,2025-12-09,POINT (148.86788 -35.31511),gazetted
ACT_ACT000061,ACT000061,Blue Gum Creek,WATERCOURSE,WATERWAY,HYDROLOGY,-35.54589,149.00674,ACT,2025-12-09,POINT (149.00674 -35.54589),gazetted
ACT_ACT000064,ACT000064,Blundells Creek,WATERCOURSE,WATERWAY,HYDROLOGY,-35.35493,148.8362,ACT,2025-12-09,POINT (148.8362 -35.35493),gazetted
ACT_ACT000071,ACT000071,Bogong Creek,WATERCOURSE,WATERWAY,HYDROLOGY,-35.74638,148.90992,ACT,2025-12-09,POINT (148.90992 -35.74638),gazetted
ACT_ACT000077,ACT000077,Booroomba Creek,WATERCOURSE,WATERWAY,HYDROLOGY,-35.58469,149.03806,ACT,2025-12-09,POINT (149.03806 -35.58469),gazetted
ACT_ACT000081,ACT000081,Booths Creek,WATERCOURSE,WATERWAY,HYDROLOGY,-35.71081,149.03803,ACT,2025-12-09,POINT (149.03803 -35.71081),gazetted
ACT_ACT000089,ACT000089,Breakfast Creek,WATERCOURSE,WATERWAY,HYDROLOGY,-35.80653,148.95154,ACT,2025-12-09,POINT (148.95154 -35.80653),gazetted
ACT_ACT000094,ACT000094,Bulgar Creek,WATERCOURSE,WATERWAY,HYDROLOGY,-35.34265,149.00214,ACT,2025-12-09,POINT (149.00214 -35.34265),gazetted
ACT_ACT000098,ACT000098,Bullock Head Creek,WATERCOURSE,WATERWAY,HYDROLOGY,-35.38689,148.84738,ACT,2025-12-09,POINT (148.84738 -35.38689),gazetted
ACT_ACT000100,ACT000100,Bulls Flat Creek,WATERCOURSE,WATERWAY,HYDROLOGY,-35.85938,148.95007,ACT,2025-12-09,POINT (148.95007 -35.85938),gazetted
ACT_ACT000103,ACT000103,Burkes Creek,WATERCOURSE,WATERWAY,HYDROLOGY,-35.43074,148.86164,ACT,2025-12-09,POINT (148.86164 -35.43074),gazetted
ACT_ACT000104,ACT000104,Burkes Creek (north Arm),WATERCOURSE,WATERWAY,HYDROLOGY,-35.4171,148.87489,ACT,2025-12-09,POINT (148.87489 -35.4171),gazetted
ACT_ACT000110,ACT000110,Bushrangers Creek,WATERCOURSE,WATERWAY,HYDROLOGY,-35.41511,148.83455,ACT,2025-12-09,POINT (148.83455 -35.41511),gazetted
ACT_ACT000146,ACT000146,Clear Hills Creek,WATERCOURSE,WATERWAY,HYDROLOGY,-35.56511,148.83455,ACT,2025-12-09,POINT (148.83455 -35.56511),gazetted
ACT_ACT000148,ACT000148,Cliffs Creek,WATERCOURSE,WATERWAY,HYDROLOGY,-35.26511,148.98454,ACT,2025-12-09,POINT (148.98454 -35.26511),gazetted
ACT_ACT000149,ACT000149,Collins Creek,WATERCOURSE,WATERWAY,HYDROLOGY,-35.44625,148.79685,ACT,2025-12-09,POINT (148.79685 -35.44625),gazetted
ACT_ACT000154,ACT000154,Condor Creek,WATERCOURSE,WATERWAY,HYDROLOGY,-35.31605,148.83149,ACT,2025-12-09,POINT (148.83149 -35.31605),gazetted
ACT_ACT000159,ACT000159,Coppins Creek,WATERCOURSE,WATERWAY,HYDROLOGY,-35.28299,149.05246,ACT,2025-12-09,POINT (149.05246 -35.28299),gazetted
ACT_ACT000162,ACT000162,Coree Creek,WATERCOURSE,WATERWAY,HYDROLOGY,-35.31514,148.87607,ACT,2025-12-09,POINT (148.87607 -35.31514),gazetted
ACT_ACT000172,ACT000172,Cotter River,WATERCOURSE,WATERWAY,HYDROLOGY,-35.35035,148.88541,ACT,2025-12-09,POINT (148.88541 -35.35035),gazetted
ACT_ACT000174,ACT000174,Cow Flat Creek,WATERCOURSE,WATERWAY,HYDROLOGY,-35.4567,148.85586,ACT,2025-12-09,POINT (148.85586 -35.4567),gazetted
ACT_ACT000178,ACT000178,Creamy Flats Creek,WATERCOURSE,WATERWAY,HYDROLOGY,-35.66511,148.85122,ACT,2025-12-09,POINT (148.85122 -35.66511),gazetted
ACT_ACT000179,ACT000179,Cribbs Creek,WATERCOURSE,WATERWAY,HYDROLOGY,-35.60317,148.79885,ACT,2025-12-09,POINT (148.79885 -35.60317),gazetted
ACT_ACT000181,ACT000181,Croston Creek,WATERCOURSE,WATERWAY,HYDROLOGY,-35.30405,148.91818,ACT,2025-12-09,POINT (148.91818 -35.30405),gazetted
ACT_ACT000185,ACT000185,Dairy Station Creek,WATERCOURSE,WATERWAY,HYDROLOGY,-35.33118,149.37747,ACT,2025-12-09,POINT (149.37747 -35.33118),gazetted
ACT_ACT000186,ACT000186,De Salis Creek,WATERCOURSE,WATERWAY,HYDROLOGY,-35.61185,148.84813,ACT,2025-12-09,POINT (148.84813 -35.61185),gazetted
ACT_ACT000192,ACT000192,Deep Creek,WATERCOURSE,WATERWAY,HYDROLOGY,-35.26611,149.04587,ACT,2025-12-09,POINT (149.04587 -35.26611),gazetted
ACT_ACT000195,ACT000195,Doughboy Creek,WATERCOURSE,WATERWAY,HYDROLOGY,-35.27325,149.20586,ACT,2025-12-09,POINT (149.20586 -35.27325),gazetted
ACT_ACT000198,ACT000198,Drag Creek,WATERCOURSE,WATERWAY,HYDROLOGY,-35.7101,148.82042,ACT,2025-12-09,POINT (148.82042 -35.7101),gazetted
ACT_ACT000199,ACT000199,Dry Creek,WATERCOURSE,WATERWAY,HYDROLOGY,-35.57876,148.85069,ACT,2025-12-09,POINT (148.85069 -35.57876),gazetted
ACT_ACT000203,ACT000203,Dunns Creek,WATERCOURSE,WATERWAY,HYDROLOGY,-35.43813,149.14856,ACT,2025-12-09,POINT (149.14856 -35.43813),gazetted
ACT_ACT000218,ACT000218,Fastigata Creek,WATERCOURSE,WATERWAY,HYDROLOGY,-35.31511,148.81788,ACT,2025-12-09,POINT (148.81788 -35.31511),gazetted
ACT_ACT000234,ACT000234,Franklin Creek,WATERCOURSE,WATERWAY,HYDROLOGY,-35.45335,148.80903,ACT,2025-12-09,POINT (148.80903 -35.45335),gazetted
ACT_ACT000238,ACT000238,Freshford Creek,WATERCOURSE,WATERWAY,HYDROLOGY,-35.42064,149.0369,ACT,2025-12-09,POINT (149.0369 -35.42064),gazetted
ACT_ACT000246,ACT000246,Georges Creek,WATERCOURSE,WATERWAY,HYDROLOGY,-35.5412,149.01907,ACT,2025-12-09,POINT (149.01907 -35.5412),gazetted
ACT_ACT000247,ACT000247,Gibraltar Creek,WATERCOURSE,WATERWAY,HYDROLOGY,-35.46427,148.96637,ACT,2025-12-09,POINT (148.96637 -35.46427),gazetted
ACT_ACT000257,ACT000257,Gingera Creek,WATERCOURSE,WATERWAY,HYDROLOGY,-35.58768,148.8043,ACT,2025-12-09,POINT (148.8043 -35.58768),gazetted
ACT_ACT000258,ACT000258,Ginini Creek,WATERCOURSE,WATERWAY,HYDROLOGY,-35.50038,148.78449,ACT,2025-12-09,POINT (148.78449 -35.50038),gazetted
ACT_ACT000261,ACT000261,Ginninderra Creek,WATERCOURSE,WATERWAY,HYDROLOGY,-35.21189,149.03104,ACT,2025-12-09,POINT (149.03104 -35.21189),gazetted
ACT_ACT000267,ACT000267,Glen Burn Creek,WATERCOURSE,WATERWAY,HYDROLOGY,-35.30671,149.32012,ACT,2025-12-09,POINT (149.32012 -35.30671),gazetted
ACT_ACT000275,ACT000275,Gooromon Ponds Creek,WATERCOURSE,WATERWAY,HYDROLOGY,-35.33178,149.00121,ACT,2025-12-09,POINT (149.00121 -35.33178),gazetted
ACT_ACT000283,ACT000283,Grassy Creek,WATERCOURSE,WATERWAY,HYDROLOGY,-35.86511,149.01788,ACT,2025-12-09,POINT (149.01788 -35.86511),gazetted
ACT_ACT000292,ACT000292,Gudgenby Creek,WATERCOURSE,WATERWAY,HYDROLOGY,-35.69719,149.03451,ACT,2025-12-09,POINT (149.03451 -35.69719),gazetted
ACT_ACT000293,ACT000293,Gudgenby River,WATERCOURSE,WATERWAY,HYDROLOGY,-35.74597,148.97877,ACT,2025-12-09,POINT (148.97877 -35.74597),gazetted
ACT_ACT000294,ACT000294,Guises Creek,WATERCOURSE,WATERWAY,HYDROLOGY,-35.5214,149.12904,ACT,2025-12-09,POINT (149.12904 -35.5214),gazetted
ACT_ACT000305,ACT000305,Half Moon Creek,WATERCOURSE,WATERWAY,HYDROLOGY,-35.61511,149.03454,ACT,2025-12-09,POINT (149.03454 -35.61511),gazetted
ACT_ACT000309,ACT000309,Halls Creek,WATERCOURSE,WATERWAY,HYDROLOGY,-35.18178,149.03454,ACT,2025-12-09,POINT (149.03454 -35.18178),gazetted
ACT_ACT000319,ACT000319,Holdens Creek,WATERCOURSE,WATERWAY,HYDROLOGY,-35.31962,149.0308,ACT,2025-12-09,POINT (149.0308 -35.31962),gazetted
ACT_ACT000323,ACT000323,Honeysuckle Creek,WATERCOURSE,WATERWAY,HYDROLOGY,-35.57505,149.0093,ACT,2025-12-09,POINT (149.0093 -35.57505),gazetted
ACT_ACT000324,ACT000324,Hospital Creek,WATERCOURSE,WATERWAY,HYDROLOGY,-35.77156,148.98047,ACT,2025-12-09,POINT (148.98047 -35.77156),gazetted
ACT_ACT000329,ACT000329,Hurdle Creek,WATERCOURSE,WATERWAY,HYDROLOGY,-35.4177,148.90936,ACT,2025-12-09,POINT (148.90936 -35.4177),gazetted
ACT_ACT000338,ACT000338,Jacks Creek,WATERCOURSE,WATERWAY,HYDROLOGY,-35.68178,148.81788,ACT,2025-12-09,POINT (148.81788 -35.68178),gazetted
ACT_ACT000340,ACT000340,James Creek,WATERCOURSE,WATERWAY,HYDROLOGY,-35.61511,148.95121,ACT,2025-12-09,POINT (148.95121 -35.61511),gazetted
ACT_ACT000343,ACT000343,Jerrabomberra Creek,WATERCOURSE,WATERWAY,HYDROLOGY,-35.32578,149.15967,ACT,2025-12-09,POINT (149.15967 -35.32578),gazetted
ACT_ACT000353,ACT000353,Kangaroo Creek,WATERCOURSE,WATERWAY,HYDROLOGY,-35.53683,148.86375,ACT,2025-12-09,POINT (148.86375 -35.53683),gazetted
ACT_ACT000372,ACT000372,Larrys Creek,WATERCOURSE,WATERWAY,HYDROLOGY,-35.40276,148.99008,ACT,2025-12-09,POINT (148.99008 -35.40276),gazetted
ACT_ACT000377,ACT000377,Lees Creek,WATERCOURSE,WATERWAY,HYDROLOGY,-35.33454,148.87392,ACT,2025-12-09,POINT (148.87392 -35.33454),gazetted
ACT_ACT000380,ACT000380,Left Hand Creek,WATERCOURSE,WATERWAY,HYDROLOGY,-35.81511,149.06788,ACT,2025-12-09,POINT (149.06788 -35.81511),gazetted
ACT_ACT000385,ACT000385,Licking Hole Creek,WATERCOURSE,WATERWAY,HYDROLOGY,-35.68363,148.86829,ACT,2025-12-09,POINT (148.86829 -35.68363),gazetted
ACT_ACT000387,ACT000387,Little Bimberi Creek,WATERCOURSE,WATERWAY,HYDROLOGY,-35.67101,148.82665,ACT,2025-12-09,POINT (148.82665 -35.67101),gazetted
ACT_ACT000389,ACT000389,Little Collins Creek,WATERCOURSE,WATERWAY,HYDROLOGY,-35.43539,148.80226,ACT,2025-12-09,POINT (148.80226 -35.43539),gazetted
ACT_ACT000391,ACT000391,Little Dry Creek,WATERCOURSE,WATERWAY,HYDROLOGY,-35.7848,148.99566,ACT,2025-12-09,POINT (148.99566 -35.7848),gazetted
ACT_ACT000393,ACT000393,Lobbs Hole Creek,WATERCOURSE,WATERWAY,HYDROLOGY,-35.55849,149.12583,ACT,2025-12-09,POINT (149.12583 -35.55849),gazetted
ACT_ACT000394,ACT000394,Long Creek,WATERCOURSE,WATERWAY,HYDROLOGY,-35.59805,148.8503,ACT,2025-12-09,POINT (148.8503 -35.59805),gazetted
ACT_ACT000417,ACT000417,McKeahnie Creek,WATERCOURSE,WATERWAY,HYDROLOGY,-35.63178,148.81788,ACT,2025-12-09,POINT (148.81788 -35.63178),gazetted
ACT_ACT000419,ACT000419,Mcquoid Creek,WATERCOURSE,WATERWAY,HYDROLOGY,-35.39174,149.02218,ACT,2025-12-09,POINT (149.02218 -35.39174),gazetted
ACT_ACT000423,ACT000423,Middle Creek,WATERCOURSE,WATERWAY,HYDROLOGY,-35.74844,148.96788,ACT,2025-12-09,POINT (148.96788 -35.74844),gazetted
ACT_ACT000429,ACT000429,Molonglo River,WATERCOURSE,WATERWAY,HYDROLOGY,-35.28017,149.01876,ACT,2025-12-09,POINT (149.01876 -35.28017),gazetted
ACT_ACT000433,ACT000433,Monks Creek,WATERCOURSE,WATERWAY,HYDROLOGY,-35.44184,149.14304,ACT,2025-12-09,POINT (149.14304 -35.44184),gazetted
ACT_ACT000435,ACT000435,Mosquito Creek,WATERCOURSE,WATERWAY,HYDROLOGY,-35.61594,148.8118,ACT,2025-12-09,POINT (148.8118 -35.61594),gazetted
ACT_ACT000477,ACT000477,Mountain Creek,WATERCOURSE,WATERWAY,HYDROLOGY,-35.45933,148.8962,ACT,2025-12-09,POINT (148.8962 -35.45933),gazetted
ACT_ACT000487,ACT000487,Murrumbidgee River,WATERCOURSE,WATERWAY,HYDROLOGY,-35.25835,148.9441,ACT,2025-12-09,POINT (148.9441 -35.25835),gazetted
ACT_ACT000490,ACT000490,Musk Creek,WATERCOURSE,WATERWAY,HYDROLOGY,-35.31183,148.83012,ACT,2025-12-09,POINT (148.83012 -35.31183),gazetted
ACT_ACT000491,ACT000491,Naas Creek,WATERCOURSE,WATERWAY,HYDROLOGY,-35.79004,148.91567,ACT,2025-12-09,POINT (148.91567 -35.79004),gazetted
ACT_ACT000493,ACT000493,Naas River,WATERCOURSE,WATERWAY,HYDROLOGY,-35.79297,149.07854,ACT,2025-12-09,POINT (149.07854 -35.79297),gazetted
ACT_ACT000505,ACT000505,New Station Creek,WATERCOURSE,WATERWAY,HYDROLOGY,-35.37263,149.02446,ACT,2025-12-09,POINT (149.02446 -35.37263),gazetted
ACT_ACT000513,ACT000513,North Arm,WATERCOURSE,WATERWAY,HYDROLOGY,-35.41511,148.85121,ACT,2025-12-09,POINT (148.85121 -35.41511),gazetted
ACT_ACT000516,ACT000516,Nursery Creek,WATERCOURSE,WATERWAY,HYDROLOGY,-35.69022,148.97899,ACT,2025-12-09,POINT (148.97899 -35.69022),gazetted
ACT_ACT000520,ACT000520,Oakey Creek,WATERCOURSE,WATERWAY,HYDROLOGY,-35.3922,148.91676,ACT,2025-12-09,POINT (148.91676 -35.3922),gazetted
ACT_ACT000531,ACT000531,Orroral River,WATERCOURSE,WATERWAY,HYDROLOGY,-35.6439,148.96976,ACT,2025-12-09,POINT (148.96976 -35.6439),gazetted
ACT_ACT000536,ACT000536,Paddys River,WATERCOURSE,WATERWAY,HYDROLOGY,-35.3676,148.96077,ACT,2025-12-09,POINT (148.96077 -35.3676),gazetted
ACT_ACT000545,ACT000545,Pheasant Creek,WATERCOURSE,WATERWAY,HYDROLOGY,-35.72611,148.96384,ACT,2025-12-09,POINT (148.96384 -35.72611),gazetted
ACT_ACT000550,ACT000550,Pierces Creek,WATERCOURSE,WATERWAY,HYDROLOGY,-35.34254,148.91281,ACT,2025-12-09,POINT (148.91281 -35.34254),gazetted
ACT_ACT000558,ACT000558,Pond Creek,WATERCOURSE,WATERWAY,HYDROLOGY,-35.62835,148.86436,ACT,2025-12-09,POINT (148.86436 -35.62835),gazetted
ACT_ACT000561,ACT000561,Porcupine Creek,WATERCOURSE,WATERWAY,HYDROLOGY,-35.70387,148.82885,ACT,2025-12-09,POINT (148.82885 -35.70387),gazetted
ACT_ACT000563,ACT000563,Prarie Dog Creek,WATERCOURSE,WATERWAY,HYDROLOGY,-35.61511,148.90121,ACT,2025-12-09,POINT (148.90121 -35.61511),gazetted
ACT_ACT000564,ACT000564,Punchbowl Creek,WATERCOURSE,WATERWAY,HYDROLOGY,-35.50358,148.94834,ACT,2025-12-09,POINT (148.94834 -35.50358),gazetted
ACT_ACT000565,ACT000565,Queanbeyan River,WATERCOURSE,WATERWAY,HYDROLOGY,-35.34053,149.2322,ACT,2025-12-09,POINT (149.2322 -35.34053),gazetted
ACT_ACT000571,ACT000571,Reedy Creek,WATERCOURSE,WATERWAY,HYDROLOGY,-35.80104,149.0379,ACT,2025-12-09,POINT (149.0379 -35.80104),gazetted
ACT_ACT000575,ACT000575,Reids Creek,WATERCOURSE,WATERWAY,HYDROLOGY,-35.43178,148.93454,ACT,2025-12-09,POINT (148.93454 -35.43178),gazetted
ACT_ACT000578,ACT000578,Rendezvous Creek,WATERCOURSE,WATERWAY,HYDROLOGY,-35.70755,148.95967,ACT,2025-12-09,POINT (148.95967 -35.70755),gazetted
ACT_ACT000591,ACT000591,Rocky Gully Creek,WATERCOURSE,WATERWAY,HYDROLOGY,-35.44844,149.13454,ACT,2025-12-09,POINT (149.13454 -35.44844),gazetted
ACT_ACT000603,ACT000603,Sawpit Creek,WATERCOURSE,WATERWAY,HYDROLOGY,-35.6153,148.90871,ACT,2025-12-09,POINT (148.90871 -35.6153),gazetted
ACT_ACT000604,ACT000604,Sawyers Gully,WATERCOURSE,WATERWAY,HYDROLOGY,-35.51511,149.05121,ACT,2025-12-09,POINT (149.05121 -35.51511),gazetted
ACT_ACT000612,ACT000612,Shanahans Falls Creek,WATERCOURSE,WATERWAY,HYDROLOGY,-35.84215,149.0268,ACT,2025-12-09,POINT (149.0268 -35.84215),gazetted
ACT_ACT000615,ACT000615,Sheedys Creek,WATERCOURSE,WATERWAY,HYDROLOGY,-35.44844,148.93454,ACT,2025-12-09,POINT (148.93454 -35.44844),gazetted
ACT_ACT000616,ACT000616,Sheep Station Creek,WATERCOURSE,WATERWAY,HYDROLOGY,-35.84639,148.91766,ACT,2025-12-09,POINT (148.91766 -35.84639),gazetted
ACT_ACT000624,ACT000624,Snowy Flat Creek,WATERCOURSE,WATERWAY,HYDROLOGY,-35.55609,148.80458,ACT,2025-12-09,POINT (148.80458 -35.55609),gazetted
ACT_ACT000627,ACT000627,South Arm,WATERCOURSE,WATERWAY,HYDROLOGY,-35.41511,148.85121,ACT,2025-12-09,POINT (148.85121 -35.41511),gazetted
ACT_ACT000632,ACT000632,Spring Station Creek,WATERCOURSE,WATERWAY,HYDROLOGY,-35.51203,149.04653,ACT,2025-12-09,POINT (149.04653 -35.51203),gazetted
ACT_ACT000642,ACT000642,Stockyard Creek,WATERCOURSE,WATERWAY,HYDROLOGY,-35.53626,148.79968,ACT,2025-12-09,POINT (148.79968 -35.53626),gazetted
ACT_ACT000645,ACT000645,Stoney Creek,WATERCOURSE,WATERWAY,HYDROLOGY,-35.29844,148.96787,ACT,2025-12-09,POINT (148.96787 -35.29844),gazetted
ACT_ACT000654,ACT000654,Swamp Creek,WATERCOURSE,WATERWAY,HYDROLOGY,-35.25356,148.91019,ACT,2025-12-09,POINT (148.91019 -35.25356),gazetted
ACT_ACT000657,ACT000657,Tanners Flat Creek,WATERCOURSE,WATERWAY,HYDROLOGY,-35.39657,148.9399,ACT,2025-12-09,POINT (148.9399 -35.39657),gazetted
ACT_ACT000660,ACT000660,Tarpaulin Creek,WATERCOURSE,WATERWAY,HYDROLOGY,-35.28403,148.92045,ACT,2025-12-09,POINT (148.92045 -35.28403),gazetted
ACT_ACT000663,ACT000663,Telegraph Creek,WATERCOURSE,WATERWAY,HYDROLOGY,-35.15,150.71667,ACT,2025-12-09,POINT (150.71667 -35.15),gazetted
ACT_ACT000664,ACT000664,Telephone Gully Creek,WATERCOURSE,WATERWAY,HYDROLOGY,-35.5053,149.13246,ACT,2025-12-09,POINT (149.13246 -35.5053),gazetted
ACT_ACT000684,ACT000684,Tidbinbilla River,WATERCOURSE,WATERWAY,HYDROLOGY,-35.43682,148.92912,ACT,2025-12-09,POINT (148.92912 -35.43682),gazetted
ACT_ACT000690,ACT000690,Tuggeranong Creek,WATERCOURSE,WATERWAY,HYDROLOGY,-35.42698,149.1063,ACT,2025-12-09,POINT (149.1063 -35.42698),gazetted
ACT_ACT000701,ACT000701,Uriarra Creek (south Arm),WATERCOURSE,WATERWAY,HYDROLOGY,-35.28178,148.90121,ACT,2025-12-09,POINT (148.90121 -35.28178),gazetted
ACT_ACT000706,ACT000706,Urriarra Creek,WATERCOURSE,WATERWAY,HYDROLOGY,-35.2783,148.91644,ACT,2025-12-09,POINT (148.91644 -35.2783),gazetted
ACT_ACT000710,ACT000710,Village Creek,WATERCOURSE,WATERWAY,HYDROLOGY,-35.41511,149.05121,ACT,2025-12-09,POINT (149.05121 -35.41511),gazetted
ACT_ACT000720,ACT000720,Weber Creek,WATERCOURSE,WATERWAY,HYDROLOGY,-35.32357,149.32824,ACT,2025-12-09,POINT (149.32824 -35.32357),gazetted
ACT_ACT000725,ACT000725,Weston Creek,WATERCOURSE,WATERWAY,HYDROLOGY,-35.33178,149.05121,ACT,2025-12-09,POINT (149.05121 -35.33178),gazetted
ACT_ACT000730,ACT000730,White Sands Creek,WATERCOURSE,WATERWAY,HYDROLOGY,-35.52783,148.84828,ACT,2025-12-09,POINT (148.84828 -35.52783),gazetted
ACT_ACT000738,ACT000738,Wombat Creek,WATERCOURSE,WATERWAY,HYDROLOGY,-35.32307,148.83871,ACT,2025-12-09,POINT (148.83871 -35.32307),gazetted
ACT_ACT000741,ACT000741,Woolshed Creek,WATERCOURSE,WATERWAY,HYDROLOGY,-35.28206,149.18574,ACT,2025-12-09,POINT (149.18574 -35.28206),gazetted
ACT_ACT000752,ACT000752,Yarralumla Creek,WATERCOURSE,WATERWAY,HYDROLOGY,-35.31832,149.08718,ACT,2025-12-09,POINT (149.08718 -35.31832),gazetted
ACT_ACT000208,ACT000208,Elsies Falls,WATERFALL,WATERWAY,HYDROLOGY,-35.4115,148.90822,ACT,2025-12-09,POINT (148.90822 -35.4115),gazetted
ACT_ACT000250,ACT000250,Gibraltar Falls,WATERFALL,WATERWAY,HYDROLOGY,-35.48672,148.93504,ACT,2025-12-09,POINT (148.93504 -35.48672),gazetted
ACT_ACT000259,ACT000259,Ginini Falls,WATERFALL,WATERWAY,HYDROLOGY,-35.49533,148.80455,ACT,2025-12-09,POINT (148.80455 -35.49533),gazetted
ACT_ACT000060,ACT000060,Blacks Waterhole,WATERHOLE,WATER POINT,HYDROLOGY,-35.17525,150.70114,ACT,2025-12-09,POINT (150.70114 -35.17525),gazetted
ACT_ACT000086,ACT000086,Bracks Hole,WATERHOLE,WATER POINT,HYDROLOGY,-35.33178,148.91788,ACT,2025-12-09,POINT (148.91788 -35.33178),gazetted
ACT_ACT000503,ACT000503,Nerang Pool,WATERHOLE,WATER POINT,HYDROLOGY,-35.28938,149.13392,ACT,2025-12-09,POINT (149.13392 -35.28938),gazetted
ACT_ACT000379,ACT000379,Lees Swamp,WETLAND,WATERBODY,HYDROLOGY,-35.39844,148.96788,ACT,2025-12-09,POINT (148.96788 -35.39844),gazetted
ACT_ACT000518,ACT000518,Nursery Swamp,WETLAND,WATERBODY,HYDROLOGY,-35.68178,148.96788,ACT,2025-12-09,POINT (148.96788 -35.68178),gazetted
ACT_ACT000532,ACT000532,Orroral Swamp,WETLAND,WATERBODY,HYDROLOGY,-35.61511,148.95121,ACT,2025-12-09,POINT (148.95121 -35.61511),gazetted
ACT_ACT000599,ACT000599,Rotten Swamp,WETLAND,WATERBODY,HYDROLOGY,-35.71511,148.88455,ACT,2025-12-09,POINT (148.88455 -35.71511),gazetted